,time,yhat_lower,yhat,yhat_upper,Zip_code
0,1996-04-01,58622.37092597758,59709.21455332106,60773.0530513674,28208
1,1996-05-01,58595.017230829086,59627.60577165057,60772.3936693118,28208
2,1996-06-01,58545.05905409389,59627.294917187704,60624.31778614714,28208
3,1996-07-01,58718.09548368891,59769.37049403068,60909.609211712304,28208
4,1996-08-01,58860.09092373781,60013.4296215839,61060.71611504197,28208
5,1996-09-01,59288.68966006678,60281.81358179548,61322.11297232955,28208
6,1996-10-01,59310.26865092245,60372.83363884058,61426.38925681125,28208
7,1996-11-01,59290.12561940848,60405.0202392602,61551.111511510826,28208
8,1996-12-01,59474.42281046304,60498.719943965574,61611.61971858366,28208
9,1997-01-01,59451.43326084063,60503.21196048995,61604.560922511315,28208
10,1997-02-01,59613.930329324125,60632.24633668754,61657.99757350663,28208
11,1997-03-01,59773.61475227856,60898.138259449166,62033.91852074082,28208
12,1997-04-01,59824.70471399333,60899.23800213052,61997.607002761324,28208
13,1997-05-01,59775.58586814204,60768.70098850649,61911.51318437174,28208
14,1997-06-01,59739.935283362356,60824.24444338508,61938.70825846185,28208
15,1997-07-01,59860.13082582514,60980.80476912255,62061.58009778269,28208
16,1997-08-01,60088.90350377177,61207.30757403608,62325.90872674012,28208
17,1997-09-01,60361.39523295518,61375.61074883923,62502.19983138695,28208
18,1997-10-01,60276.206167430806,61432.363805333676,62567.57435250857,28208
19,1997-11-01,60457.754937712016,61523.10157882641,62532.143662530885,28208
20,1997-12-01,60779.41594259131,61798.64043077907,62874.81367235033,28208
21,1998-01-01,61003.32883117957,62019.812440633184,63186.139960579094,28208
22,1998-02-01,61112.396432445115,62236.15119431498,63314.59540751181,28208
23,1998-03-01,61357.96832526799,62415.5848381466,63528.507079286246,28208
24,1998-04-01,61658.70823491592,62740.394724471334,63800.07847391898,28208
25,1998-05-01,61648.090642138464,62700.89917789239,63856.92014810861,28208
26,1998-06-01,61913.54117970575,62957.59336637177,64043.33020913289,28208
27,1998-07-01,62176.11059642951,63267.26962298998,64451.58009582763,28208
28,1998-08-01,62532.90352944194,63619.421425613145,64605.07616412423,28208
29,1998-09-01,62969.27717785545,64014.329210317315,65189.09748501327,28208
30,1998-10-01,63176.55306000601,64355.931419427296,65426.0267207911,28208
31,1998-11-01,63800.727206179574,64833.60535251337,65937.5347914744,28208
32,1998-12-01,64334.63871457118,65334.07654698811,66374.75038412509,28208
33,1999-01-01,64699.0465320885,65814.12505376278,66858.2211780881,28208
34,1999-02-01,65043.837918986435,66154.7079136557,67171.57811019912,28208
35,1999-03-01,65146.98953303069,66287.51933467906,67246.3912147951,28208
36,1999-04-01,65935.25278576095,66978.79606418495,68055.8216857509,28208
37,1999-05-01,66039.72444369347,67068.88993017949,68133.2355207134,28208
38,1999-06-01,66478.83838770911,67567.18102587096,68584.40983909051,28208
39,1999-07-01,67002.60757694852,68067.17288150758,69173.27662555105,28208
40,1999-08-01,67460.83129067984,68583.44498090925,69661.76126073317,28208
41,1999-09-01,67767.38122420778,68882.75724952965,69989.34756720558,28208
42,1999-10-01,68164.2136849219,69200.29200065862,70321.85551926185,28208
43,1999-11-01,68619.24895481327,69744.18908452547,70863.70573569441,28208
44,1999-12-01,69225.08836301496,70293.79169572686,71429.42372519089,28208
45,2000-01-01,69738.0976998105,70848.75386343458,71860.65949722838,28208
46,2000-02-01,70084.9131915331,71128.76807472418,72231.52887882941,28208
47,2000-03-01,70719.99767506255,71700.44864353564,72781.97839432817,28208
48,2000-04-01,70774.56691964307,71843.68368844295,72924.66778797304,28208
49,2000-05-01,70965.94402559625,72069.97007292339,73019.22888821199,28208
50,2000-06-01,71399.3804119368,72387.81755681551,73440.67537492458,28208
51,2000-07-01,71792.07734535476,72837.78829980931,73940.02679806706,28208
52,2000-08-01,72389.18180093222,73400.00576571841,74448.82555686639,28208
53,2000-09-01,72942.56339126598,73986.54806428675,74992.68405275013,28208
54,2000-10-01,73304.59020274041,74385.46328748275,75498.77475227247,28208
55,2000-11-01,73685.51580859927,74735.80822625756,75873.55225293679,28208
56,2000-12-01,74072.93501359328,75137.40309711343,76211.89296053245,28208
57,2001-01-01,74363.22240999254,75460.0534519925,76492.01265226919,28208
58,2001-02-01,74530.5060398982,75710.83724804639,76759.93776869166,28208
59,2001-03-01,75072.24965781387,76086.69638874375,77117.83307864188,28208
60,2001-04-01,75130.89328846397,76209.54555127982,77237.96061333476,28208
61,2001-05-01,75173.4479793047,76196.83055687089,77294.22926974569,28208
62,2001-06-01,75281.435737809,76374.12343160441,77402.62288315687,28208
63,2001-07-01,75593.17405936941,76648.50577655727,77666.87638743945,28208
64,2001-08-01,75995.34181326062,76996.7580013265,78095.78940380263,28208
65,2001-09-01,76251.31492619749,77286.81059598568,78366.65732031138,28208
66,2001-10-01,76355.98169935198,77461.38567169613,78472.12150098699,28208
67,2001-11-01,76579.3464833504,77673.83622012445,78809.01051224879,28208
68,2001-12-01,76910.02891702252,77930.73009303756,79066.63484585787,28208
69,2002-01-01,77047.62661472647,78132.63562455028,79186.49430370165,28208
70,2002-02-01,77279.9468790526,78329.70789989189,79396.66899261439,28208
71,2002-03-01,77387.41185878035,78491.73956328833,79542.81907661163,28208
72,2002-04-01,77736.57809435861,78797.28297127044,79834.30763248545,28208
73,2002-05-01,77645.19609505963,78739.14244565251,79825.5610649435,28208
74,2002-06-01,77888.1445103718,78976.5701557908,80062.50911783012,28208
75,2002-07-01,78168.99684109229,79267.6014333697,80310.2924276873,28208
76,2002-08-01,78529.7504935066,79600.4867576521,80639.10405723542,28208
77,2002-09-01,78787.56237350145,79794.27276105674,80870.0372551861,28208
78,2002-10-01,78892.24747007508,79941.24098826267,80908.93543003463,28208
79,2002-11-01,79178.60528174468,80217.79314004866,81283.30208186552,28208
80,2002-12-01,79480.12032788461,80523.63035261924,81624.5211623567,28208
81,2003-01-01,79730.71221833832,80802.55707809376,81855.03733331051,28208
82,2003-02-01,79799.31191404328,80942.01815668655,81937.25994129105,28208
83,2003-03-01,79908.32041626713,80893.17119460135,81979.53263754553,28208
84,2003-04-01,80385.95561772346,81383.3261428061,82476.50069532631,28208
85,2003-05-01,80245.3822906489,81278.78602689775,82434.06578037165,28208
86,2003-06-01,80386.02338401106,81474.31829733617,82563.52598830326,28208
87,2003-07-01,80591.2089436553,81681.3178352256,82723.21967060954,28208
88,2003-08-01,80851.8571282097,81894.83120628886,83049.22037317323,28208
89,2003-09-01,80804.7560025226,81891.38474657173,82964.09705396053,28208
90,2003-10-01,80877.99856933078,81915.92717995441,83002.04069842838,28208
91,2003-11-01,81039.7855932126,82157.0655354821,83262.39341924153,28208
92,2003-12-01,81366.60269151782,82413.67582893654,83464.56326600176,28208
93,2004-01-01,81564.53550177596,82665.87926830484,83762.68524926381,28208
94,2004-02-01,81625.13649947556,82643.13475125733,83668.85891326237,28208
95,2004-03-01,81892.21990229891,82931.58941291308,84013.41970890528,28208
96,2004-04-01,81404.03752845053,82515.4789384407,83594.8577053994,28208
97,2004-05-01,81103.46250164753,82200.46320739236,83239.7546169581,28208
98,2004-06-01,80938.24300466457,81958.96517190526,82999.82903555008,28208
99,2004-07-01,80734.03911832879,81867.63379937096,82893.16165979678,28208
100,2004-08-01,80742.87616518169,81870.50574589976,83031.91273210561,28208
101,2004-09-01,80840.03615004117,81897.70252508801,83026.88492242759,28208
102,2004-10-01,80680.25922588768,81755.31563275427,82799.4433335806,28208
103,2004-11-01,80465.45980236943,81546.31505215054,82616.38378359801,28208
104,2004-12-01,80390.59666576244,81406.60780747824,82536.81023619279,28208
105,2005-01-01,80234.69953570796,81329.467463191,82343.8301702351,28208
106,2005-02-01,80284.00260956417,81381.10164231466,82455.02374607779,28208
107,2005-03-01,80582.3294421534,81577.08370965472,82642.57527279778,28208
108,2005-04-01,80505.68813425918,81500.78325526389,82666.39046041196,28208
109,2005-05-01,80160.94949233286,81295.3428251167,82411.21141921275,28208
110,2005-06-01,80181.98011655734,81273.48608292182,82290.96362293737,28208
111,2005-07-01,80247.3015024094,81355.14299213697,82427.13103868398,28208
112,2005-08-01,80361.84540309587,81504.24559997726,82580.97401673913,28208
113,2005-09-01,80520.31471387172,81595.14857770715,82667.37896920055,28208
114,2005-10-01,80454.99939748908,81576.99821767939,82637.58125694115,28208
115,2005-11-01,80646.28756624532,81680.82691712261,82689.0666309663,28208
116,2005-12-01,80783.81536263175,81832.602871663,82925.91063195595,28208
117,2006-01-01,80850.08448024957,81925.8865541906,83027.40993861452,28208
118,2006-02-01,81012.76625455801,82014.33698054637,83112.7556991678,28208
119,2006-03-01,81023.58927347846,82078.2585867934,83166.11964017781,28208
120,2006-04-01,81204.0904524885,82275.18014579092,83361.81590663007,28208
121,2006-05-01,81039.50841314453,82111.92170179999,83223.44441540533,28208
122,2006-06-01,81204.12337925802,82240.72756295286,83358.4855132071,28208
123,2006-07-01,81406.85977973162,82426.64092215961,83481.26711540365,28208
124,2006-08-01,81549.3960377436,82650.91333300815,83794.96846143767,28208
125,2006-09-01,81729.00518984064,82736.53034867888,83847.40244218662,28208
126,2006-10-01,81742.52001408252,82778.81891033678,83862.98742730901,28208
127,2006-11-01,81882.4488401097,82947.20207438945,83980.43921538617,28208
128,2006-12-01,82110.19585885397,83148.35962141212,84291.2806870785,28208
129,2007-01-01,82248.8113644169,83319.11735915358,84319.66522432292,28208
130,2007-02-01,82331.32226067728,83350.40945001262,84415.17172398446,28208
131,2007-03-01,82112.91998938128,83203.8614667475,84211.21451195276,28208
132,2007-04-01,82501.88684737342,83585.84742722,84802.39903710698,28208
133,2007-05-01,82358.4343273744,83376.62764576271,84436.28501382878,28208
134,2007-06-01,82443.70731772964,83449.85198938975,84485.40038862482,28208
135,2007-07-01,82502.76909262036,83538.48901746135,84576.54761041152,28208
136,2007-08-01,82552.85959218697,83629.69446171296,84623.87879741738,28208
137,2007-09-01,82459.5163185734,83503.94007518332,84545.1625411989,28208
138,2007-10-01,82374.13607103184,83410.11999874782,84552.82212297815,28208
139,2007-11-01,82495.4695536986,83528.95042746427,84600.40611367443,28208
140,2007-12-01,82659.80459249363,83667.1982111015,84784.02850614012,28208
141,2008-01-01,82751.86400839098,83797.09372365846,84839.16089647815,28208
142,2008-02-01,82517.71162270496,83652.04127979826,84680.79794131353,28208
143,2008-03-01,82128.92861675403,83182.27020255066,84274.08590872606,28208
144,2008-04-01,81175.81766411636,82212.22938147413,83304.36332838997,28208
145,2008-05-01,80312.48988833671,81361.1520246802,82404.21865606177,28208
146,2008-06-01,79561.07879769531,80565.72364258926,81571.14883926694,28208
147,2008-07-01,78823.99068788868,79938.33064430988,81015.59702053573,28208
148,2008-08-01,78266.4461179599,79387.27224423505,80525.11200323234,28208
149,2008-09-01,77772.07988186482,78860.53867681969,79871.5805922629,28208
150,2008-10-01,77130.2071619654,78182.0901587406,79217.32955081978,28208
151,2008-11-01,76268.74001960485,77419.15923153277,78497.76201813474,28208
152,2008-12-01,75707.07303971604,76743.39036111491,77804.41440251864,28208
153,2009-01-01,74947.5192634736,76009.425262581,77152.6870328886,28208
154,2009-02-01,74238.2050022509,75404.23468745945,76453.6127186729,28208
155,2009-03-01,74044.43839403246,75006.95568644755,76056.8187831544,28208
156,2009-04-01,73196.977878761,74273.83047781028,75402.55316744336,28208
157,2009-05-01,72399.65950965973,73432.75318871561,74509.49682912446,28208
158,2009-06-01,71662.55172805156,72754.07169227449,73741.95982286005,28208
159,2009-07-01,71082.57431523498,72200.09174254096,73257.98970056642,28208
160,2009-08-01,70640.80735634327,71692.36959613558,72787.06713390349,28208
161,2009-09-01,69997.05305596898,71126.44781961899,72228.30216378774,28208
162,2009-10-01,69620.26585691805,70626.34934310974,71654.2708753056,28208
163,2009-11-01,69141.40782423176,70141.67386583005,71243.80571646591,28208
164,2009-12-01,68725.95613047938,69723.92964934881,70757.33179938157,28208
165,2010-01-01,68138.21963847619,69228.70915515395,70257.775583404,28208
166,2010-02-01,67677.36221286464,68728.65540478725,69825.48692125692,28208
167,2010-03-01,67101.48573449635,68261.02485141416,69313.25925219544,28208
168,2010-04-01,66895.45127922241,67869.44223368942,69024.57804816104,28208
169,2010-05-01,66139.23993903676,67136.66361867602,68162.39015449266,28208
170,2010-06-01,65594.32450690794,66676.96530310661,67727.9396452161,28208
171,2010-07-01,65136.784343795254,66293.35849129113,67366.3658202116,28208
172,2010-08-01,64416.00254995201,65527.33051014607,66506.22050551673,28208
173,2010-09-01,63499.51232202756,64622.64713382275,65702.76989416534,28208
174,2010-10-01,62641.92113658054,63706.580477422285,64769.25134468409,28208
175,2010-11-01,61796.784509267214,62884.66324948043,63894.04136708385,28208
176,2010-12-01,61016.857165129564,62127.46557844432,63221.19973015455,28208
177,2011-01-01,60245.85855320572,61307.92292419197,62342.34800394685,28208
178,2011-02-01,59229.12578049635,60348.91462305729,61413.643087244884,28208
179,2011-03-01,58247.64519304968,59307.90176960431,60443.844615953305,28208
180,2011-04-01,57671.94281269789,58699.58733808212,59660.51522081665,28208
181,2011-05-01,56502.25515511517,57611.59216927264,58711.91331758539,28208
182,2011-06-01,55775.705161734084,56892.52459566673,57966.27001782611,28208
183,2011-07-01,55211.43449161931,56214.427510286834,57310.28122813997,28208
184,2011-08-01,54472.23549973572,55513.3410373053,56617.32437862934,28208
185,2011-09-01,53567.00955645504,54595.29473354186,55641.15394209703,28208
186,2011-10-01,52712.9948105659,53734.740543654545,54832.75238441877,28208
187,2011-11-01,52103.2169511161,53061.27905513841,54135.948027913,28208
188,2011-12-01,51402.18885324581,52432.792725324325,53479.69445490274,28208
189,2012-01-01,50613.98318771019,51770.396320647706,52856.75586968527,28208
190,2012-02-01,49816.73063556508,50833.05195955466,51873.85857941767,28208
191,2012-03-01,50003.4104490861,51100.76254906308,52187.93947575435,28208
192,2012-04-01,49742.321220698526,50919.06419934828,51983.94280080638,28208
193,2012-05-01,49715.88207519256,50830.898911613105,51927.207722737556,28208
194,2012-06-01,49765.998259286425,50823.81300088374,51904.68532905476,28208
195,2012-07-01,49782.936151095244,50959.332071662095,52067.35400008339,28208
196,2012-08-01,50101.08389901176,51196.616142948675,52201.98725711879,28208
197,2012-09-01,50422.60101058972,51458.22504689354,52539.75156611927,28208
198,2012-10-01,50482.05169826411,51542.688597873945,52534.92600328133,28208
199,2012-11-01,50562.65393256521,51568.100142027244,52619.64002189994,28208
200,2012-12-01,50619.09151127544,51655.210743386284,52734.542578801076,28208
201,2013-01-01,50567.73910981663,51652.8940197856,52714.12455421609,28208
202,2013-02-01,50719.50368588751,51779.35181959733,52812.34984873884,28208
203,2013-03-01,50983.877892025295,52042.91651207379,53157.83059345704,28208
204,2013-04-01,50988.30239923895,52041.43967836962,53072.852772769445,28208
205,2013-05-01,50791.64446870823,51908.409203726325,52982.05602571734,28208
206,2013-06-01,50800.51164110939,51961.37608221852,52980.56844718116,28208
207,2013-07-01,51014.6481500072,52115.44294693703,53166.29412928662,28208
208,2013-08-01,51294.335653963004,52339.369175464315,53413.059575941064,28208
209,2013-09-01,51399.09261564905,52505.09577388155,53633.726668420066,28208
210,2013-10-01,51757.42065273792,52844.4850988018,53966.51589284775,28208
211,2013-11-01,52151.351883101466,53227.28034966858,54344.80359699176,28208
212,2013-12-01,52532.56125230142,53649.02393461788,54731.35962915083,28208
213,2014-01-01,52890.67025211033,54021.27416856887,55071.3884134375,28208
214,2014-02-01,53366.91790237939,54388.69114634648,55447.43745292689,28208
215,2014-03-01,53614.487807971425,54704.582540974734,55858.92357418126,28208
216,2014-04-01,54097.99048037188,55180.47065139625,56275.56102350184,28208
217,2014-05-01,54190.69598547697,55287.179837813615,56306.05027701188,28208
218,2014-06-01,54689.3702791236,55694.9522503901,56780.723073640474,28208
219,2014-07-01,55033.15275069949,56095.284300266474,57171.1610553833,28208
220,2014-08-01,55445.299408289284,56541.11375592272,57553.539734808095,28208
221,2014-09-01,55791.21259061537,56848.28781640075,57872.940047216514,28208
222,2014-10-01,56026.00134726234,57104.986421420756,58205.249778416575,28208
223,2014-11-01,56403.62239512059,57494.92663028068,58617.39925566927,28208
224,2014-12-01,56855.26886658831,57910.494220665394,59069.982288671104,28208
225,2015-01-01,57296.84281054337,58302.80900321409,59402.18408968533,28208
226,2015-02-01,57474.54550461151,58555.65813888085,59609.41656615236,28208
227,2015-03-01,57499.27718566486,58609.22619608737,59657.38086860033,28208
228,2015-04-01,58102.186401303516,59212.76920136654,60273.615899517674,28208
229,2015-05-01,58287.57422325288,59290.01031587078,60406.04593342869,28208
230,2015-06-01,58629.60216474074,59775.02023502187,60854.2485255911,28208
231,2015-07-01,59189.38332688065,60262.15943295623,61349.887948322896,28208
232,2015-08-01,59731.47160756288,60765.1504527315,61894.429046233585,28208
233,2015-09-01,60073.3877676855,61051.18164172626,62160.29372461286,28208
234,2015-10-01,60183.23538744222,61355.863735152176,62445.19733564599,28208
235,2015-11-01,60838.464893347365,61886.47973939384,62919.27016138178,28208
236,2015-12-01,61301.58087644144,62423.229692892986,63495.46850277202,28208
237,2016-01-01,61834.35479532658,62964.91078097394,63958.16588455855,28208
238,2016-02-01,63487.313338966545,64568.51482101167,65605.6114695219,28208
239,2016-03-01,65293.517857374805,66378.39232639286,67449.49704975044,28208
240,2016-04-01,66797.60592356848,67845.21723157629,68969.74867528293,28208
241,2016-05-01,68359.1552486635,69352.3970292267,70446.81650440012,28208
242,2016-06-01,69907.513011023,70993.8343733944,72044.58637507565,28208
243,2016-07-01,71565.7588278629,72724.69852955917,73743.97944349071,28208
244,2016-08-01,73450.2619816811,74610.50585574415,75747.8178490245,28208
245,2016-09-01,75488.21913650939,76520.63801458736,77563.44123204639,28208
246,2016-10-01,77121.34654274561,78200.44665095297,79320.73056349483,28208
247,2016-11-01,78854.30012819864,79874.38145000469,80973.12671242232,28208
248,2016-12-01,80501.38971472286,81556.86973403141,82636.7571241498,28208
249,2017-01-01,82125.53224676813,83203.10994918649,84251.45220679093,28208
250,2017-02-01,83874.93053353831,84978.1246877544,86104.85174146238,28208
251,2017-03-01,85661.97648115485,86730.70855072062,87750.14708673308,28208
252,2017-04-01,87459.24210019821,88377.78865577243,89538.46127806562,28208
253,2017-05-01,88781.65450385769,89840.13586379717,90901.04159816919,28208
254,2017-06-01,90481.09335488934,91541.65968104603,92619.21186673288,28208
255,2017-07-01,92231.2292946194,93291.10422843076,94349.83204028913,28208
256,2017-08-01,94154.04665627453,95163.58739571513,96277.46150517477,28208
257,2017-09-01,95914.55183910223,96977.87093288852,98028.3505602878,28208
258,2017-10-01,97569.80440478548,98627.50821103132,99721.44254118676,28208
259,2017-11-01,99323.95580265307,100364.22634689433,101405.36848483304,28208
260,2017-12-01,100995.8409758254,102096.21788506559,103162.33889317821,28208
261,2018-01-01,102763.80158670829,103822.39100401218,104925.40353819802,28208
262,2018-02-01,104487.96100889104,105543.73086678714,106654.73312006678,28208
263,2018-03-01,106015.98034443278,107082.5203510897,108142.24288942781,28208
264,2018-04-01,107917.68620145031,108912.33134650651,109940.9991629512,28208
265,2018-04-30,109149.09593403644,110204.70813856108,111312.47060707597,28208
266,2018-05-31,111119.51059973253,112206.5272429694,113251.33539663824,28208
267,2018-06-30,112877.63130630703,114019.84999561681,115126.70587232694,28208
268,2018-07-31,114629.70706951126,115796.5801003768,116899.69815613193,28208
269,2018-08-31,115975.97219698913,117135.11176825732,118396.59133049147,28208
270,2018-09-30,117367.26961367147,118680.14639862443,120010.19430911611,28208
271,2018-10-31,119363.03216549032,120755.47527957062,122241.74272025909,28208
272,2018-11-30,121245.99580673297,122730.81716138015,124305.65386536354,28208
273,2018-12-31,123241.79308760776,124818.04205911743,126478.02533665273,28208
274,2019-01-31,124474.75755086433,126220.53274135885,128238.52544122929,28208
275,2019-02-28,124799.80496852113,126744.95897908931,128730.6867830907,28208
276,2019-03-31,127538.3301176669,129520.11391758069,131940.56723316186,28208
277,2019-04-30,128449.13964529593,130700.99004173749,133133.64383858448,28208
278,2019-05-31,130223.90413233626,132762.35137688267,135758.64483935252,28208
279,2019-06-30,131912.2113390334,134582.47499494403,137786.91560173949,28208
280,2019-07-31,132850.63307265838,136334.5931705721,140130.21289521118,28208
281,2019-08-31,133998.41630584942,137579.5599599176,141722.26396882322,28208
282,2019-09-30,135163.33868345173,139113.15776141942,143212.46875171375,28208
283,2019-10-31,137119.56342133394,141260.51129962836,145871.3400073758,28208
284,2019-11-30,138802.91049933687,143282.92425870887,148800.19184818934,28208
285,2019-12-31,140236.69794779175,145434.12316452657,151312.83364517774,28208
286,2020-01-31,141081.71259312873,146763.46843474734,153076.1177661347,28208
287,2020-02-29,141681.64081183457,147785.35863969914,154286.29595739028,28208
288,2020-03-31,143287.6320173269,149987.44944797838,156771.85363703725,28208
289,2020-04-30,144542.7320692552,151311.86466995798,158640.18784986934,28208
290,2020-05-31,145657.62107532693,153193.87453818304,160886.71932354342,28208
291,2020-06-30,147110.5038973179,154987.5597326755,163221.80681843156,28208
292,2020-07-31,148707.25286727236,156808.21881630365,165602.36582975634,28208
293,2020-08-31,149584.42636315632,158335.84366281482,167859.05418302573,28208
294,2020-09-30,150546.273631072,159913.31796226697,169724.23986076366,28208
295,2020-10-31,152219.4101914486,161848.61801755504,171910.63360059736,28208
296,2020-11-30,153777.5930491308,163727.89361776525,174095.51066277444,28208
297,2020-12-31,154985.75401123666,165678.729428596,176750.150964698,28208
298,2021-01-31,155999.94269606614,167218.4607474376,179039.00174729893,28208
299,2021-02-28,156532.6669941773,168136.75145495404,180093.25489751686,28208
300,2021-03-31,158121.08109305557,170528.07537820935,183237.72465588298,28208
301,2021-04-30,158758.22475010977,171805.2952178875,185225.27482093847,28208
302,2021-05-31,160358.01729360875,173747.30763181482,187742.07424671645,28208
303,2021-06-30,161688.87404134695,175551.81211949931,189231.66410272563,28208
304,2021-07-31,162964.08347936987,177351.4087528749,191765.5265687911,28208
305,2021-08-31,163890.31470108754,178784.20143631005,193588.22733383797,28208
306,2021-09-30,164780.59039076953,180343.86874851916,195997.29937477564,28208
307,2021-10-31,166200.48351188784,182348.48081675806,198689.37187859346,28208
308,2021-11-30,167059.71284184145,184276.07453592212,201327.5195210163,28208
309,2021-12-31,168489.351425841,186296.49073947873,203549.63953036256,28208
310,2022-01-31,169819.61762650678,187769.14809135158,205604.50650322082,28208
311,2022-02-28,170008.619794515,188488.3719507238,207670.571552685,28208
312,2022-03-31,172224.00934056833,191070.77339509342,210952.1723702101,28208
313,2022-04-30,172569.94715227225,192300.1535572004,212861.16797984566,28208
314,2022-05-31,173890.98979017252,194301.9726616094,215744.45742741477,28208
315,2022-06-30,174941.09349449558,196115.29541425675,217542.10198218297,28208
316,2022-07-31,176383.1721178789,197892.02551901617,220710.08449586312,28208
317,2022-08-31,176470.4814626646,199230.5571868962,222941.77538490744,28208
318,2022-09-30,177385.60497237756,200775.5918172636,224473.10559106283,28208
319,2022-10-31,178413.07101456553,202850.92069820996,227874.37176144222,28208
320,2022-11-30,179983.367553955,204826.26258001893,229658.77970650297,28208
321,2022-12-31,181024.94539076547,206913.4874777569,232402.89301247665,28208
322,2023-01-31,181842.35618486832,208315.9781599976,234879.14227792525,28208
323,2023-02-28,181565.84418268767,208840.40439772845,236067.4642304179,28208
324,2023-03-31,183861.7440010381,211615.55933622093,239265.53851057516,28208
325,1996-04-01,124094.24862063924,127622.563296804,131124.52118468747,78758
326,1996-05-01,124259.97669953135,127591.79328509021,130999.18579653588,78758
327,1996-06-01,123973.06970351539,127383.71950723628,130965.36840914354,78758
328,1996-07-01,123340.69418558409,126931.6945505787,130553.6730375505,78758
329,1996-08-01,122820.24664319267,126171.99792650808,130000.91929153705,78758
330,1996-09-01,122061.14238209688,125422.68607708678,128896.4325594789,78758
331,1996-10-01,121472.73108845016,124885.71291262904,128649.94180228184,78758
332,1996-11-01,120773.39009203081,124542.64165030942,128028.81969116845,78758
333,1996-12-01,120594.16733131613,124142.92931502074,128123.42641680405,78758
334,1997-01-01,120130.92221180993,123880.68218512471,127377.84513344418,78758
335,1997-02-01,119984.7560977338,123604.81508209876,127211.05637429083,78758
336,1997-03-01,118945.35559822782,122550.85252960336,126093.80282887018,78758
337,1997-04-01,118988.15726733094,122339.73237998455,125707.63591922415,78758
338,1997-05-01,118410.64371910517,122053.04272605288,125779.7093975264,78758
339,1997-06-01,118205.16139275167,121702.34659614522,125138.41469375478,78758
340,1997-07-01,117585.72285601568,121271.25643322071,124806.13691706044,78758
341,1997-08-01,117108.20585588191,120680.63445518406,124070.53378959176,78758
342,1997-09-01,116454.13824628567,120095.43598424003,123581.89717791538,78758
343,1997-10-01,116339.2957947039,119581.17117333139,123379.98568611458,78758
344,1997-11-01,115838.68295967861,119127.28329409915,122698.38354353854,78758
345,1997-12-01,115442.33981828528,119054.86599589816,122646.14363688538,78758
346,1998-01-01,115655.11260371222,119053.8307767428,122479.20560416915,78758
347,1998-02-01,115439.35868593134,119079.99164693827,122644.00632185553,78758
348,1998-03-01,115919.32479771556,119282.61651719482,123027.80099930259,78758
349,1998-04-01,115714.65348413549,119225.11839694605,122599.6948067737,78758
350,1998-05-01,115659.79982658857,119113.22559184943,122702.89200176054,78758
351,1998-06-01,115296.54767921647,119071.6591545284,122645.75473807396,78758
352,1998-07-01,115622.9975201103,119101.49234516172,122484.81171264012,78758
353,1998-08-01,115616.61056116567,119129.80633511794,122384.67298022145,78758
354,1998-09-01,115980.26114182879,119397.18546584519,122805.76546234658,78758
355,1998-10-01,116016.88170644047,119568.02629810326,123247.99770487829,78758
356,1998-11-01,116452.40367452367,119690.95995919788,123027.55426234979,78758
357,1998-12-01,116408.71131878385,119749.62408147918,123389.50692002727,78758
358,1999-01-01,116219.31927559759,119811.29681749665,123379.18145285806,78758
359,1999-02-01,116655.2691142375,119950.17720164348,123412.66266797142,78758
360,1999-03-01,117795.99357940827,121223.58545025693,124719.49146104224,78758
361,1999-04-01,117497.24905720352,121103.917547214,124667.33918371328,78758
362,1999-05-01,117023.17018020038,120970.36013732175,124413.2429974883,78758
363,1999-06-01,117445.43619686535,121041.35714781896,124689.13169689322,78758
364,1999-07-01,118180.14608653265,121626.17971072998,125281.72079662685,78758
365,1999-08-01,118985.68079704729,122365.61370411579,125703.30318589209,78758
366,1999-09-01,119682.61227085788,123082.34667807339,126656.35707968229,78758
367,1999-10-01,119873.67505476292,123544.42280416747,126979.66263079662,78758
368,1999-11-01,120563.77777233065,123840.55137814424,127071.60683637884,78758
369,1999-12-01,120531.371178092,124074.73417925177,127687.81522347686,78758
370,2000-01-01,120870.59781842613,124249.28837367024,127741.508038777,78758
371,2000-02-01,121127.36793457094,124560.00365059952,128117.20885683957,78758
372,2000-03-01,121432.89992970106,125019.81763587655,128267.6057174478,78758
373,2000-04-01,122463.64865099048,126070.04934595125,129316.54817155929,78758
374,2000-05-01,123462.88653282396,126990.02090561931,130302.48660204922,78758
375,2000-06-01,124184.25137628197,127764.38008486225,131159.86550807016,78758
376,2000-07-01,124574.97504359431,128263.0966995864,132123.41359027347,78758
377,2000-08-01,124939.72972824755,128485.83303260867,131976.38653309026,78758
378,2000-09-01,125112.31235124762,128718.95414028056,132336.96723095287,78758
379,2000-10-01,125729.25753528194,129132.7225472051,132527.08860547352,78758
380,2000-11-01,126325.08667341719,129772.08424198112,133322.88724872994,78758
381,2000-12-01,126699.59276518726,130323.11347807494,133942.64274087743,78758
382,2001-01-01,127450.34209100861,131043.29930527673,134732.1028403691,78758
383,2001-02-01,127935.17277840359,131742.718671295,135137.80952097877,78758
384,2001-03-01,128070.32884637761,131569.66002631633,135262.62521579777,78758
385,2001-04-01,128959.61352024766,132333.82634574233,136133.4543027567,78758
386,2001-05-01,129439.21941253323,132990.96230701657,136639.15991109316,78758
387,2001-06-01,130103.75352748326,133615.55264615425,137027.27356978253,78758
388,2001-07-01,130512.81498639565,134128.2880984324,137695.03173430992,78758
389,2001-08-01,131043.52778289394,134512.95258943865,137966.97908088646,78758
390,2001-09-01,131276.95189435143,134903.04058753746,138528.2925696537,78758
391,2001-10-01,131735.5432177226,135332.60139183057,139000.35105988942,78758
392,2001-11-01,131533.07029771662,135224.85407797847,138977.26999017454,78758
393,2001-12-01,131775.34091440725,135055.20417595087,138661.50382074117,78758
394,2002-01-01,131437.41343353008,134953.6952661764,138323.23660384925,78758
395,2002-02-01,131562.0654094766,134879.38244575105,138339.2656167429,78758
396,2002-03-01,131592.23464016287,134991.25688576367,138534.29844935576,78758
397,2002-04-01,131582.75197962258,134833.28507489854,138175.97462057119,78758
398,2002-05-01,131129.2651174196,134624.1596659765,137994.94358554346,78758
399,2002-06-01,131122.45496191125,134482.11953803545,138342.68209863832,78758
400,2002-07-01,130823.05604648918,134414.72012484097,137961.39519690853,78758
401,2002-08-01,130769.86022681635,134342.56042417663,137850.64666059372,78758
402,2002-09-01,130821.58770175333,134264.79220276792,137588.62323882966,78758
403,2002-10-01,130394.59404223601,134101.61946844673,137866.78564432252,78758
404,2002-11-01,130364.91725863822,133879.40577740595,137519.48383435368,78758
405,2002-12-01,129906.14153261483,133604.05633310808,136917.6913773852,78758
406,2003-01-01,129552.14998627757,133320.58171699132,136863.03285550242,78758
407,2003-02-01,129618.24575553082,133114.31474900647,136749.40679998515,78758
408,2003-03-01,130428.9594780602,134075.97700213795,137561.68880959923,78758
409,2003-04-01,129913.9805131614,133611.1617469612,137050.11489206518,78758
410,2003-05-01,129512.62704378826,133143.59077048962,136628.02616498497,78758
411,2003-06-01,129467.10233675984,132876.6373667092,136439.4557721868,78758
412,2003-07-01,129470.97444865586,132852.65820350192,136392.10085662678,78758
413,2003-08-01,129625.6224179454,132962.99707989802,136452.8410814376,78758
414,2003-09-01,129771.83909376062,133050.6349368645,136634.77423461195,78758
415,2003-10-01,129181.51131259522,132903.90933683852,136327.64826589735,78758
416,2003-11-01,128991.16925596324,132570.9427938287,136074.82010520148,78758
417,2003-12-01,128609.83577752713,132196.3238688174,135700.66948747134,78758
418,2004-01-01,128203.35956190793,131741.78294624918,135007.90392088296,78758
419,2004-02-01,128002.32415732036,131423.4031061863,134876.3227553454,78758
420,2004-03-01,127687.01168198814,131294.70875621677,134939.92327321126,78758
421,2004-04-01,128505.27138388649,132005.09547097638,135511.16475645173,78758
422,2004-05-01,128954.87451769368,132596.1847771144,135787.0404948148,78758
423,2004-06-01,129217.09816568899,133030.69896104152,136631.51374894616,78758
424,2004-07-01,129755.4760867428,133200.53332223385,136829.05748073844,78758
425,2004-08-01,129464.68031911181,133083.42465994484,136555.08926005624,78758
426,2004-09-01,129330.44890817265,132976.70077230252,136380.55962198123,78758
427,2004-10-01,129464.13527748235,133061.5869256995,136514.91656459685,78758
428,2004-11-01,129942.2138861594,133361.10362515773,137057.4608190935,78758
429,2004-12-01,130268.18427686486,133583.25060772122,137105.85861600973,78758
430,2005-01-01,130895.50252414134,134140.00856364015,137737.18450468712,78758
431,2005-02-01,131115.08863476984,134683.14635454895,138096.32524539786,78758
432,2005-03-01,131070.01574137418,134368.93015786528,137994.97318624152,78758
433,2005-04-01,131591.210234757,134976.8149021762,138320.32483263998,78758
434,2005-05-01,131934.57851758294,135482.71062947117,138884.60517393824,78758
435,2005-06-01,132461.91172449893,135951.01939349572,139382.41820530884,78758
436,2005-07-01,132667.0222759945,136312.51461179598,139716.3766733214,78758
437,2005-08-01,133139.89872537897,136540.8975276934,140052.22737120054,78758
438,2005-09-01,133246.06617570826,136774.703950681,140351.70107548853,78758
439,2005-10-01,133441.8211426535,137053.02452099658,140935.62099535586,78758
440,2005-11-01,134162.1480452143,137404.21804393778,140637.16977487167,78758
441,2005-12-01,134261.8048541747,137678.70443558058,140995.37065103778,78758
442,2006-01-01,134942.30285659147,138036.13636259935,141459.39749665128,78758
443,2006-02-01,134834.80509174665,138420.76437896668,141837.77254165066,78758
444,2006-03-01,135373.74995612603,138947.1660264111,142469.15952585,78758
445,2006-04-01,135744.55548887982,139248.13505233865,142451.48923050603,78758
446,2006-05-01,135972.65575458424,139483.14593708547,142968.03544103005,78758
447,2006-06-01,136575.61697329785,139800.04664593778,143223.9459699985,78758
448,2006-07-01,136782.32234183722,140176.7835264137,143890.12796345475,78758
449,2006-08-01,137063.79864717126,140563.56281894166,143946.31195275873,78758
450,2006-09-01,137712.99862793757,140944.7333526739,144521.530104346,78758
451,2006-10-01,137853.2979255754,141225.69489751794,144709.67698288753,78758
452,2006-11-01,137547.67259463997,141462.41996161855,144946.90768173253,78758
453,2006-12-01,138153.56561956348,141631.20479648662,145209.3936679764,78758
454,2007-01-01,138310.48081509362,141806.66893550853,145073.55053665952,78758
455,2007-02-01,138747.74554829125,142059.3407226633,145492.92606250587,78758
456,2007-03-01,139889.639756022,143435.52830302255,146934.36850894042,78758
457,2007-04-01,139786.43737012416,143429.6518029849,147085.28852537443,78758
458,2007-05-01,139672.82393129054,143406.2151056779,147086.32910410603,78758
459,2007-06-01,139892.57220180874,143269.08910701927,146884.85664136364,78758
460,2007-07-01,139942.62039540586,143370.74936812496,147000.85740211818,78758
461,2007-08-01,140048.52956601774,143610.91564964363,146980.49354687595,78758
462,2007-09-01,140479.75259254567,143828.3809117337,147323.06691180688,78758
463,2007-10-01,140207.58201312242,143807.29473602035,147365.3846921018,78758
464,2007-11-01,139902.01858149254,143604.15559813112,147155.6185449127,78758
465,2007-12-01,139734.69376585993,143355.17609743102,146834.03534148156,78758
466,2008-01-01,139485.22536810258,143030.46257998314,146216.1056739082,78758
467,2008-02-01,139513.94620346304,142841.91014504453,146455.14815728724,78758
468,2008-03-01,139024.25151736668,142822.86621946437,146494.87849828406,78758
469,2008-04-01,139574.81400180323,143361.21542823763,147124.02520468016,78758
470,2008-05-01,140328.37059007937,143785.81682535567,147320.83033365937,78758
471,2008-06-01,140525.86437973793,144048.29350329546,147603.18483474755,78758
472,2008-07-01,140466.06802666083,144051.63995546775,147599.739816893,78758
473,2008-08-01,140313.6061398737,143762.49378719094,147335.00110797008,78758
474,2008-09-01,140154.69009802476,143483.7323935607,146758.12111336834,78758
475,2008-10-01,139960.363129642,143402.13063793752,147113.22942318342,78758
476,2008-11-01,140078.86271044204,143529.60983140967,147245.27212139082,78758
477,2008-12-01,140029.6314798371,143585.26890495207,146984.02978021913,78758
478,2009-01-01,140193.49862447035,143793.57232104847,147426.5452356108,78758
479,2009-02-01,140438.3515771019,143988.25557212875,147583.03711006278,78758
480,2009-03-01,140014.99689404972,143359.30624270203,146697.122863314,78758
481,2009-04-01,139930.76923959143,143618.73644718895,147360.95662995224,78758
482,2009-05-01,140692.9404467013,143787.4181036839,147370.74416513497,78758
483,2009-06-01,140513.17242474062,143907.27232788413,147331.29351360488,78758
484,2009-07-01,140303.87571856243,143931.5534753891,147421.5531438749,78758
485,2009-08-01,140125.68544801854,143811.4818514582,147199.02217679727,78758
486,2009-09-01,140082.48764536757,143696.8337346226,147262.03139431446,78758
487,2009-10-01,139848.93296721356,143637.9401590547,147551.56443873834,78758
488,2009-11-01,139921.9455532284,143654.60255634604,147097.2928888543,78758
489,2009-12-01,140306.16069356195,143605.34914897173,147136.42750030677,78758
490,2010-01-01,139986.2853412548,143628.24995034008,147033.37251647247,78758
491,2010-02-01,140090.80929768644,143678.3468410569,147315.25163227474,78758
492,2010-03-01,140505.92128896416,143902.5913427513,147289.20048269007,78758
493,2010-04-01,140272.04226072828,143869.02924302706,147295.7700913909,78758
494,2010-05-01,140183.32343853384,143780.30032875936,147123.21710289523,78758
495,2010-06-01,140300.71742250456,143762.66991196168,147124.0055458665,78758
496,2010-07-01,140148.57799594649,143815.6669934205,147283.22696218954,78758
497,2010-08-01,140208.69431775153,143843.5399232003,147138.9874664397,78758
498,2010-09-01,140253.188029147,143865.80409418407,147309.8607142891,78758
499,2010-10-01,140300.5623821652,143799.43690088467,147430.01773385404,78758
500,2010-11-01,140257.46458356784,143677.2556022382,147363.8040174834,78758
501,2010-12-01,139817.32158621252,143498.71169896258,147077.82261741286,78758
502,2011-01-01,139747.51301254734,143315.2694752368,146925.8347831515,78758
503,2011-02-01,139915.0340214987,143209.03489964124,146706.78725514413,78758
504,2011-03-01,140684.4422816111,144261.04899106725,147664.5151069245,78758
505,2011-04-01,140379.99827687128,143896.2661282843,147530.9023146837,78758
506,2011-05-01,139816.03282981674,143134.96067287307,146800.67413882798,78758
507,2011-06-01,139057.93019661805,142557.28470300217,145834.11816434516,78758
508,2011-07-01,138558.67427805637,142232.60628228844,145880.85557411495,78758
509,2011-08-01,138524.75744464734,142032.2225925957,145623.8319257598,78758
510,2011-09-01,138329.31744358403,141809.13788347552,145543.8753149752,78758
511,2011-10-01,138001.03439325138,141361.71302594585,145076.13680404008,78758
512,2011-11-01,137048.16916434286,140718.02391684186,143883.70665452114,78758
513,2011-12-01,136664.8616758936,140042.70573432342,143590.03340874688,78758
514,2012-01-01,135603.13186544692,139277.44224566536,142961.80557159617,78758
515,2012-02-01,135134.04177953096,138648.33983951353,142181.1603277773,78758
516,2012-03-01,135023.06342564872,138577.11820406976,142194.28454346478,78758
517,2012-04-01,135556.03920765367,139059.69124022397,142628.35343385907,78758
518,2012-05-01,135737.83463457707,139430.31569610187,142893.69136273873,78758
519,2012-06-01,136442.13646382428,139637.01620142427,143316.70419213446,78758
520,2012-07-01,136011.63905605397,139586.3857123575,142889.58150365722,78758
521,2012-08-01,135437.25998203424,139241.46337146344,142711.42550555762,78758
522,2012-09-01,135569.2173180749,138906.92580521954,142505.60517805608,78758
523,2012-10-01,135421.19773239453,138771.34710835337,142129.97256114456,78758
524,2012-11-01,135229.3781739156,138843.05012920857,142489.3398308738,78758
525,2012-12-01,136514.90748516843,140177.20025426353,143463.61953997728,78758
526,2013-01-01,138133.26133488383,141706.61100005556,145425.03539465365,78758
527,2013-02-01,139827.72411752498,143222.4015808319,147053.3627303858,78758
528,2013-03-01,140327.22950470488,143786.71048467857,147200.39764434597,78758
529,2013-04-01,142209.70382310482,145367.24801886274,148946.24705706935,78758
530,2013-05-01,143197.65615060242,146814.42063958012,150184.40161269822,78758
531,2013-06-01,144673.02911360995,148255.38219347675,151981.53572972183,78758
532,2013-07-01,145848.86182040846,149558.15430520163,153051.6545364727,78758
533,2013-08-01,147244.6546133313,150759.1900109693,154274.17204910354,78758
534,2013-09-01,148679.09698428863,151965.6492238284,155475.55980252894,78758
535,2013-10-01,149717.79969467607,153237.67649986004,156693.3996895457,78758
536,2013-11-01,151089.59844533866,154629.6237771304,158350.2771826902,78758
537,2013-12-01,152251.56578498232,155911.2912213538,159414.21092667448,78758
538,2014-01-01,154086.78265401977,157309.47690270198,160684.3236410072,78758
539,2014-02-01,155349.2676119654,158734.8586734027,162173.67627887824,78758
540,2014-03-01,156759.12096683483,160201.29596992332,163736.10862035298,78758
541,2014-04-01,158202.74946063888,161543.018750179,165073.8545796275,78758
542,2014-05-01,159516.00847019776,162785.21068750642,166308.1278258224,78758
543,2014-06-01,160737.31319894193,164142.8651506887,167386.38979636523,78758
544,2014-07-01,161936.71109536223,165587.93129325376,169194.61856099498,78758
545,2014-08-01,163740.91252642422,167078.65266687385,170648.99053956114,78758
546,2014-09-01,164804.00418566944,168563.76528169832,172085.45029238955,78758
547,2014-10-01,166355.76980615145,169913.05787276008,173539.56741392912,78758
548,2014-11-01,167676.42372571255,171253.72501795512,174795.7324985456,78758
549,2014-12-01,169021.55639376803,172490.84089904066,176104.2653424042,78758
550,2015-01-01,170613.74223102868,173770.24711915606,177319.69737265512,78758
551,2015-02-01,171596.60082047468,175126.8609874024,178456.9784504038,78758
552,2015-03-01,173966.82034620814,177500.15754423177,180827.78666998594,78758
553,2015-04-01,175295.073795113,178598.22312528847,181947.68701611686,78758
554,2015-05-01,177146.20098569922,180963.36251190485,184453.85207591858,78758
555,2015-06-01,180131.8629132209,183616.34621212888,187183.4051277561,78758
556,2015-07-01,182900.92160357605,186418.11263344198,190048.66904145599,78758
557,2015-08-01,186002.14834122124,189448.38861384452,193097.4715952695,78758
558,2015-09-01,188855.0527962689,192455.96357481743,195755.56925870982,78758
559,2015-10-01,191434.83745781187,195134.98355931588,198577.44027390925,78758
560,2015-11-01,194085.30760725398,197721.9541203064,201104.67748792304,78758
561,2015-12-01,196765.0866999483,200173.08077981643,203913.61000388203,78758
562,2016-01-01,199280.37589343567,202638.476961252,205875.00386093135,78758
563,2016-02-01,201637.40825962092,204986.72521434608,208167.30463072273,78758
564,2016-03-01,203733.74835261246,207352.61843539358,210656.60062769626,78758
565,2016-04-01,206981.29146767154,210440.38321469646,213857.22903145637,78758
566,2016-05-01,209617.8372241297,213332.16097039272,216928.43269837787,78758
567,2016-06-01,212631.51348222667,216144.05321886486,219732.10829085964,78758
568,2016-07-01,215231.560566493,218614.5760296152,222320.85636982883,78758
569,2016-08-01,217267.2439854332,220874.8454318683,224328.8061839245,78758
570,2016-09-01,219481.8783126333,223145.49960877045,226682.0805223877,78758
571,2016-10-01,222128.11485413148,225531.07421172343,229145.65051222785,78758
572,2016-11-01,224457.3977147409,228207.96897572686,231917.87958174228,78758
573,2016-12-01,227289.29729776795,230730.80440784688,234225.45484616366,78758
574,2017-01-01,229939.88411632864,233488.5233042772,236949.7003661596,78758
575,2017-02-01,233050.10994605144,236232.62203569003,239889.02490604355,78758
576,2017-03-01,234251.6830519614,237906.37055946593,241595.89568312926,78758
577,2017-04-01,237128.1897049699,240715.2162442874,244140.89541016865,78758
578,2017-05-01,239761.87348458247,243351.07417207002,246939.99069536914,78758
579,2017-06-01,242705.67967237203,246020.34387660207,249551.105783033,78758
580,2017-07-01,245097.82242603984,248511.80129539812,251983.40085365073,78758
581,2017-08-01,247272.81731275475,250941.14515179844,254490.00444184997,78758
582,2017-09-01,249639.71799153587,253375.91251529512,256786.3264931412,78758
583,2017-10-01,252584.35355099023,255784.19528610288,258994.62170555987,78758
584,2017-11-01,254989.30062205577,258350.27324131058,262388.7627771909,78758
585,2017-12-01,257235.55547395523,260768.19618031228,264128.24510934897,78758
586,2018-01-01,259732.64118891637,263340.512539599,266788.64629032445,78758
587,2018-02-01,262403.31851833814,265940.0249882355,269614.24884007423,78758
588,2018-03-01,265069.0426023953,268466.9674132125,271945.41948010307,78758
589,2018-04-01,267305.34638759994,270982.82087140816,274380.00068784447,78758
590,2018-04-30,269457.22055800015,272919.3982640847,276422.4611049262,78758
591,2018-05-31,271133.2578625657,274957.19215200434,278434.7024712757,78758
592,2018-06-30,274154.50841801433,277668.96916123177,281222.9723625454,78758
593,2018-07-31,277268.33749497874,280986.96033795783,284344.0923261203,78758
594,2018-08-31,280706.2512086747,284194.89240920695,287885.5708327191,78758
595,2018-09-30,282969.15507096867,286617.17440960696,290434.79623165366,78758
596,2018-10-31,284644.6259477184,288577.8609540761,292542.800181991,78758
597,2018-11-30,286388.89831411303,290464.4729978844,294290.256244772,78758
598,2018-12-31,287885.98920912936,292166.51118943637,296031.25144317764,78758
599,2019-01-31,290157.85574307747,294232.49133146094,298247.28032578237,78758
600,2019-02-28,296735.5708393344,300954.1726033853,305348.3264196991,78758
601,2019-03-31,297496.015955375,301802.59296163096,306373.2858097838,78758
602,2019-04-30,297892.9150279824,302887.68612515094,307765.5138544347,78758
603,2019-05-31,299836.290357801,304817.01699601585,309860.4821062828,78758
604,2019-06-30,302602.68375996116,307595.47719512,312421.49445530435,78758
605,2019-07-31,305610.78345112724,311097.90650787245,316502.8585176845,78758
606,2019-08-31,308738.559951415,314449.27902197477,320464.6553739324,78758
607,2019-09-30,310605.9415736581,316854.3320259872,323441.7389656434,78758
608,2019-10-31,311964.1454297039,318684.9428690772,325779.39891283633,78758
609,2019-11-30,313734.4278817763,320465.7133218432,328348.69093755155,78758
610,2019-12-31,314596.42859524686,322006.7751965481,329918.05618101207,78758
611,2020-01-31,316651.61699202564,324003.70840116526,331987.67422001343,78758
612,2020-02-29,321560.7684432656,329606.33595970145,338804.556623853,78758
613,2020-03-31,322809.65245890315,331494.8971650283,340759.39600516047,78758
614,2020-04-30,324251.3727709785,333355.8770261583,343448.1012685028,78758
615,2020-05-31,326011.0417070723,335629.0413250635,346000.4107201047,78758
616,2020-06-30,327995.39077916654,338229.8068511284,349183.50282687147,78758
617,2020-07-31,330582.7966579322,341184.7816427556,353328.35346432467,78758
618,2020-08-31,332243.2470984031,344093.9254196272,356681.54747999774,78758
619,2020-09-30,335248.2998682173,346530.62474592304,359181.8503850875,78758
620,2020-10-31,336727.48214872205,348743.0272328998,362204.47687302117,78758
621,2020-11-30,337837.13485849724,350842.5007345695,365540.79022360995,78758
622,2020-12-31,339552.5939374349,352880.2845379783,368476.7334385121,78758
623,2021-01-31,340709.25248408003,355121.8579518418,371069.9055320019,78758
624,2021-02-28,345380.963871788,360183.8991440747,375755.55437311326,78758
625,2021-03-31,346550.464165634,361738.67813242495,378876.47767016204,78758
626,2021-04-30,347458.24114396237,363340.52266941126,380448.7318263219,78758
627,2021-05-31,349773.5172142802,365492.9919531842,384379.2983446185,78758
628,2021-06-30,351437.6946428149,368145.5029879666,387468.9157204471,78758
629,2021-07-31,352472.7924064082,371280.9135612957,391493.83448789275,78758
630,2021-08-31,356096.36302484066,374341.3588733874,395230.88641890127,78758
631,2021-09-30,357752.70837875217,376774.1927737288,398322.0157266504,78758
632,2021-10-31,357952.21442668844,378862.20777253836,400116.69643380673,78758
633,2021-11-30,360181.32011807116,380855.1380591316,403477.658027267,78758
634,2021-12-31,361346.24945617036,382722.8261881664,406076.4737842885,78758
635,2022-01-31,362806.6670332767,384870.3280610419,408083.3138981005,78758
636,2022-02-28,368155.5856771854,390765.8918942794,415689.57376670773,78758
637,2022-03-31,368390.4245359849,391973.850676195,417559.1733467556,78758
638,2022-04-30,368077.61007400486,393316.9109847928,419177.7632597511,78758
639,2022-05-31,369510.7415905791,395354.7048727112,422879.8909182651,78758
640,2022-06-30,371935.94064350537,398066.4818819378,425505.2091951905,78758
641,2022-07-31,373880.7140189165,401384.4730586658,429495.8604501986,78758
642,2022-08-31,377003.7629819216,404592.40512991603,433246.17492709664,78758
643,2022-09-30,377452.3264094604,407014.68713031494,436772.09117512434,78758
644,2022-10-31,379266.77365087083,408975.3736747849,440045.40225733194,78758
645,2022-11-30,380354.11755391397,410861.9857185943,443079.17064182245,78758
646,2022-12-31,381356.66849451384,412564.02391014347,445502.30093612097,78758
647,2023-01-31,382532.9766153151,414630.0040521706,447992.1339840406,78758
648,2023-02-28,387755.94454736373,421351.685324094,455511.33039209986,78758
649,2023-03-31,388840.32930803834,422200.1056823384,456889.23957949004,78758
650,1996-04-01,74076.82168606011,75767.44466299369,77535.49879443977,78612
651,1996-05-01,73898.05094519394,75583.19811709356,77199.81736066389,78612
652,1996-06-01,74032.62322751229,75670.43630488652,77274.34232123321,78612
653,1996-07-01,74094.59372821749,75819.88698475008,77416.47331150054,78612
654,1996-08-01,74488.23059159635,76044.98169088726,77768.75050781347,78612
655,1996-09-01,74695.64407426617,76307.39053830101,77958.18011609632,78612
656,1996-10-01,74783.59265862277,76397.9875974927,78115.21519619784,78612
657,1996-11-01,74573.42294428911,76233.55379915574,77808.28975811307,78612
658,1996-12-01,74632.21260085877,76181.21449814847,77825.12736676549,78612
659,1997-01-01,74436.16556295186,76208.65897364706,77775.94152041218,78612
660,1997-02-01,74583.07225964566,76331.73184448764,77986.45223420695,78612
661,1997-03-01,75337.0188255931,76945.69872730593,78512.88574678189,78612
662,1997-04-01,75452.57611602207,77106.475386491,78830.50018691273,78612
663,1997-05-01,75518.76748231835,77148.77724114514,78809.8321016102,78612
664,1997-06-01,75777.29683544103,77434.08966677953,79025.47639090617,78612
665,1997-07-01,76226.05040389189,77770.53242207468,79410.95572953447,78612
666,1997-08-01,76487.15697540327,78152.86999992581,79799.11773554994,78612
667,1997-09-01,76933.96284100771,78558.53943030746,80217.71648091661,78612
668,1997-10-01,77186.2076884986,78873.19419797431,80424.64312554829,78612
669,1997-11-01,77479.21948853318,79065.57955265537,80786.8728427185,78612
670,1997-12-01,78009.87729786379,79643.03866344223,81230.7242620982,78612
671,1998-01-01,78596.46500104174,80221.69640163518,81861.1721849633,78612
672,1998-02-01,79185.68603177111,80817.27801575875,82366.48867216757,78612
673,1998-03-01,79736.36176680376,81406.0503722532,83089.50924063796,78612
674,1998-04-01,80713.40081728695,82317.51549045436,83983.92070936697,78612
675,1998-05-01,81026.03396315919,82759.81237774045,84425.27250854019,78612
676,1998-06-01,81817.29613898756,83424.4869794392,85102.52505633209,78612
677,1998-07-01,82432.42206934525,84123.66834387086,85814.1232753364,78612
678,1998-08-01,83131.9388057263,84846.10749342018,86400.29349498737,78612
679,1998-09-01,83756.64451089781,85580.3450872217,87155.99347839731,78612
680,1998-10-01,84597.41964224917,86300.4029191378,87940.22537255294,78612
681,1998-11-01,85499.6582916298,87033.31609074397,88633.05290168642,78612
682,1998-12-01,85909.20244502615,87640.89507179207,89322.66570837771,78612
683,1999-01-01,86525.59478319697,88153.20912591738,89692.52131008854,78612
684,1999-02-01,87193.52292096385,88818.59815963315,90375.14165006166,78612
685,1999-03-01,87418.40552658582,89026.4738526117,90685.62057276086,78612
686,1999-04-01,88719.03763779868,90293.39120975354,91904.26491156533,78612
687,1999-05-01,88985.98113834458,90744.74360523769,92334.69138563439,78612
688,1999-06-01,89701.38725248972,91387.01138311822,93091.8256967548,78612
689,1999-07-01,90381.83737472523,91928.67889666118,93508.11785259112,78612
690,1999-08-01,90739.58476676537,92454.9175573395,94145.45219160765,78612
691,1999-09-01,91411.4710937876,92983.8533410585,94645.12220281403,78612
692,1999-10-01,91803.46262496627,93594.53906193575,95263.37157279151,78612
693,1999-11-01,92816.93546660189,94332.23425969588,95997.82220837966,78612
694,1999-12-01,93117.85097543213,94834.62549923455,96343.21500097563,78612
695,2000-01-01,93392.99279600651,95143.018496032,96691.87667210364,78612
696,2000-02-01,94022.39947761342,95739.07548095907,97391.06648200502,78612
697,2000-03-01,94967.60211032035,96606.43027823555,98113.18348761223,78612
698,2000-04-01,94916.52005704482,96565.68846914535,98222.45544847945,78612
699,2000-05-01,95093.60550162372,96730.80447900444,98324.39973621453,78612
700,2000-06-01,95494.25372415349,97179.05064108204,98712.47215494914,78612
701,2000-07-01,95974.27846943072,97677.86387670586,99267.31239683903,78612
702,2000-08-01,96674.90932248814,98263.96655712884,99998.55993141065,78612
703,2000-09-01,97228.84997323579,98887.3833788284,100502.21923104841,78612
704,2000-10-01,97828.54192493441,99327.34299377973,101039.17496245098,78612
705,2000-11-01,97757.46524251446,99523.91716972674,101179.22746754874,78612
706,2000-12-01,98151.60449650534,99820.94042447912,101529.59648929289,78612
707,2001-01-01,98485.77216773963,100209.39287426257,101832.76618143704,78612
708,2001-02-01,99183.86659828687,100753.15916642197,102474.95315086418,78612
709,2001-03-01,100119.0967729502,101747.1072039833,103360.69658387687,78612
710,2001-04-01,100711.56623018786,102328.57728448529,104088.85188461407,78612
711,2001-05-01,101161.41043066938,102778.00180493221,104528.00573210414,78612
712,2001-06-01,101769.99461147687,103484.0076518851,105127.22824815706,78612
713,2001-07-01,102647.82210954413,104227.5730729736,105824.9522358695,78612
714,2001-08-01,103365.26508928064,105030.60407214383,106540.06935723367,78612
715,2001-09-01,104313.51926657541,105856.96692384532,107594.81257892621,78612
716,2001-10-01,104940.02108059038,106578.7443573056,108223.8598358565,78612
717,2001-11-01,105711.07207086947,107352.91161545462,108899.34197478154,78612
718,2001-12-01,106518.5215185914,108106.5479482705,109737.14029932574,78612
719,2002-01-01,107231.99897833417,108867.25548256029,110509.00832977219,78612
720,2002-02-01,107994.86672315662,109644.88689278021,111204.08067353675,78612
721,2002-03-01,108803.26589568201,110398.09132317158,112029.00248613559,78612
722,2002-04-01,109809.8723599497,111491.60623746619,113172.85467911724,78612
723,2002-05-01,110376.89240968463,112110.08034678106,113657.004137845,78612
724,2002-06-01,111284.7331419645,112956.80474457708,114575.61922455915,78612
725,2002-07-01,112251.01253754893,113832.16333103819,115459.13912197157,78612
726,2002-08-01,112963.12221053227,114736.6522766849,116389.477021878,78612
727,2002-09-01,113643.26489999979,115217.34661741022,116903.6493891952,78612
728,2002-10-01,114134.71965496284,115692.04001086403,117405.35705167177,78612
729,2002-11-01,114355.86477907893,116171.40992939354,117712.87227375654,78612
730,2002-12-01,115085.50956400899,116533.62447197962,118245.81632638015,78612
731,2003-01-01,115223.79453964262,116792.39527302983,118525.93270247843,78612
732,2003-02-01,115557.4066230953,117204.24105366823,118783.23022418143,78612
733,2003-03-01,115475.87041891947,117183.10993741876,118924.30444225832,78612
734,2003-04-01,116576.41949141683,118196.48404148212,119779.12904472962,78612
735,2003-05-01,116727.52687971131,118402.47199850556,120066.23574681173,78612
736,2003-06-01,116947.2401774284,118492.16833081777,120172.85117672956,78612
737,2003-07-01,117022.83550554088,118630.88547172929,120231.81790231401,78612
738,2003-08-01,117176.98966017635,118740.7420806889,120367.60604271633,78612
739,2003-09-01,117224.48244630375,118853.29581269021,120391.25445771866,78612
740,2003-10-01,117471.0857497694,119061.03116093676,120602.51408423309,78612
741,2003-11-01,117717.17889977417,119382.3443069773,121018.24812976272,78612
742,2003-12-01,117878.89176931721,119481.78517388467,121181.32522281895,78612
743,2004-01-01,117819.40204500176,119373.79611896351,121032.63853597787,78612
744,2004-02-01,117854.04447067867,119553.471052172,121324.52806266045,78612
745,2004-03-01,118326.21033483197,120031.30715590453,121740.5546223277,78612
746,2004-04-01,118056.71658233715,119693.46102779651,121306.86114384765,78612
747,2004-05-01,117939.06874382519,119571.05672892877,121227.04409894354,78612
748,2004-06-01,118084.0673152524,119722.19857198889,121479.20387905074,78612
749,2004-07-01,118250.17619339321,119933.49149888594,121572.6570653725,78612
750,2004-08-01,118498.04276996417,120222.48986028973,121863.72127823575,78612
751,2004-09-01,118986.58128218875,120548.80236297168,122217.93518919278,78612
752,2004-10-01,119043.38002348706,120701.24166919512,122481.83644445613,78612
753,2004-11-01,118865.28234020442,120600.71152612571,122184.56228675794,78612
754,2004-12-01,118964.05346718863,120610.21447215196,122221.46044627372,78612
755,2005-01-01,119474.8434739655,121030.13421248208,122722.75149344877,78612
756,2005-02-01,119693.26012282145,121329.29637138717,122852.48233775298,78612
757,2005-03-01,120565.81360059461,122102.31164342469,123805.17613970417,78612
758,2005-04-01,120721.84011714716,122439.17759067612,124049.97444965804,78612
759,2005-05-01,121023.12710555001,122651.88843378011,124266.64388755542,78612
760,2005-06-01,121350.38978031222,123113.2901474793,124704.21321587355,78612
761,2005-07-01,122019.98533516932,123620.14189122486,125250.31255358446,78612
762,2005-08-01,122642.51432630353,124178.5687571401,125848.8260328267,78612
763,2005-09-01,123164.45875813579,124760.32747558788,126375.5571120746,78612
764,2005-10-01,123643.47957974923,125245.39123170475,126785.08276069397,78612
765,2005-11-01,123921.64348610202,125613.8659208593,127152.87246133247,78612
766,2005-12-01,124366.71555780797,125974.89654174389,127534.05915547222,78612
767,2006-01-01,124684.7615017472,126329.9115070372,127913.58224469828,78612
768,2006-02-01,125128.49838593177,126701.85034826177,128460.74710803667,78612
769,2006-03-01,125533.20285155065,127088.62278084805,128674.48558292855,78612
770,2006-04-01,126107.61440046628,127776.445126149,129384.46269255967,78612
771,2006-05-01,126347.77404641378,128002.31352353332,129618.65514452555,78612
772,2006-06-01,126782.46931543443,128443.34535233253,130089.97788501147,78612
773,2006-07-01,127263.95085791826,128926.09822686281,130413.54494417601,78612
774,2006-08-01,126969.99514796503,128679.89594807089,130371.8155221369,78612
775,2006-09-01,126769.37159247478,128445.4882323539,130115.12933274137,78612
776,2006-10-01,126515.3043677384,128228.14737763906,129802.25042255924,78612
777,2006-11-01,126357.48327073736,127992.41523972705,129518.07188961531,78612
778,2006-12-01,126058.46487464575,127662.59553414436,129342.94207051577,78612
779,2007-01-01,125615.61821536833,127206.2642787518,128891.68044340733,78612
780,2007-02-01,125277.09365531494,126903.00800294883,128420.98748886344,78612
781,2007-03-01,124542.33867005406,126235.97825507208,127786.4528491872,78612
782,2007-04-01,124749.5175731128,126534.25030269577,128150.45729526745,78612
783,2007-05-01,124509.6777373909,126048.20401154994,127687.59200714133,78612
784,2007-06-01,125076.97694827149,126697.55823881424,128280.64677649605,78612
785,2007-07-01,125708.9900220609,127377.87979419589,128972.66192252749,78612
786,2007-08-01,126348.79507244682,128047.39429810799,129750.51414784546,78612
787,2007-09-01,127131.40701384815,128719.60592506171,130282.34007088206,78612
788,2007-10-01,127716.502379343,129468.94568777838,131032.36512295477,78612
789,2007-11-01,128618.61643298907,130349.91672877237,131946.73896922078,78612
790,2007-12-01,129269.73438957063,130990.96201015096,132539.54149376342,78612
791,2008-01-01,129793.93198116546,131442.6308501821,133061.43097596022,78612
792,2008-02-01,130593.67347370353,132181.96367834293,133837.17456949834,78612
793,2008-03-01,130601.32860797296,132267.1075448308,133839.0448514374,78612
794,2008-04-01,129851.34252193557,131509.13382069758,133204.0642514,78612
795,2008-05-01,129351.05369850695,130980.15442890406,132670.56980777642,78612
796,2008-06-01,129038.1030255419,130711.16867593898,132365.05062544264,78612
797,2008-07-01,128924.78810884389,130515.88650990976,131993.77938107934,78612
798,2008-08-01,128806.26008949928,130384.75727528993,132000.30835654493,78612
799,2008-09-01,128591.57323202111,130290.94218194763,131850.50228148082,78612
800,2008-10-01,128274.2447832537,130036.80639524473,131606.30018310185,78612
801,2008-11-01,127904.33287016432,129516.14865615091,131237.24818083335,78612
802,2008-12-01,127471.26203865896,129119.07650925015,130879.93346350308,78612
803,2009-01-01,127285.70031177066,128790.29713631344,130572.64608881321,78612
804,2009-02-01,126839.8600417474,128340.76018195263,129954.32313650637,78612
805,2009-03-01,126860.35295778333,128437.53109361978,130066.51828729358,78612
806,2009-04-01,126188.55600983609,128025.69792760476,129704.33329535606,78612
807,2009-05-01,125869.58906748083,127513.86124174118,129234.68346821093,78612
808,2009-06-01,125620.81207574306,127226.56384217355,128863.22121080502,78612
809,2009-07-01,125324.09402061549,127008.86805695044,128556.1321469729,78612
810,2009-08-01,125153.33743603856,126818.59580960017,128344.24931382283,78612
811,2009-09-01,124989.76641221512,126651.6554147805,128204.17630573403,78612
812,2009-10-01,125815.00275119813,127391.52347891685,129112.63612177082,78612
813,2009-11-01,126395.32437245606,128023.29590661504,129581.54089175149,78612
814,2009-12-01,126897.85137032472,128639.1307906073,130210.0307428987,78612
815,2010-01-01,127613.11987681192,129257.44349444499,130835.89598784622,78612
816,2010-02-01,128372.01887841591,129892.68007421405,131607.14898325596,78612
817,2010-03-01,128869.13401545536,130517.26981903412,132013.56618704423,78612
818,2010-04-01,129810.89752887479,131468.38990287902,133049.29351442368,78612
819,2010-05-01,130441.62549173727,131949.06256336995,133588.35836382688,78612
820,2010-06-01,130935.77263960766,132653.39213071394,134140.19137193807,78612
821,2010-07-01,131814.26336475747,133390.94926835137,135005.9033638641,78612
822,2010-08-01,131864.62161958968,133510.77647196173,135069.35724571187,78612
823,2010-09-01,131954.59730213892,133642.39823864825,135211.0551607072,78612
824,2010-10-01,132160.03499053995,133779.27946367828,135401.68590163908,78612
825,2010-11-01,132237.5927442454,133909.57680816905,135661.0189191519,78612
826,2010-12-01,132244.907268696,133933.97918233008,135529.369518152,78612
827,2011-01-01,132204.0233034893,133843.67740934028,135552.02545749646,78612
828,2011-02-01,132384.62603807132,133906.45061594126,135479.38014665127,78612
829,2011-03-01,132096.288388702,133570.02814249287,135183.98893521907,78612
830,2011-04-01,132525.99977917754,134234.32967251874,135900.68585321543,78612
831,2011-05-01,132351.19969442493,133961.48292510476,135607.22857335507,78612
832,2011-06-01,132254.8278892272,133855.41158865797,135452.55119826668,78612
833,2011-07-01,132129.68613768814,133804.6761468994,135499.05971911398,78612
834,2011-08-01,132104.50473699224,133718.765087101,135333.1149350828,78612
835,2011-09-01,131994.4886312394,133635.55115034085,135273.02496554918,78612
836,2011-10-01,131986.44863905836,133653.8339159171,135389.65680167958,78612
837,2011-11-01,132157.61056778065,133779.37939320016,135444.9783310804,78612
838,2011-12-01,131971.57267714042,133689.36767743857,135396.9315326596,78612
839,2012-01-01,131738.48975749698,133385.610953757,134926.3758758826,78612
840,2012-02-01,131698.47803784843,133369.51821820711,134931.9539968837,78612
841,2012-03-01,132064.95981206786,133664.21678868125,135415.21580123476,78612
842,2012-04-01,131550.44323429625,133130.24981708915,134784.63058815605,78612
843,2012-05-01,131123.66413934118,132818.051153559,134292.7970092893,78612
844,2012-06-01,131159.04081333376,132773.07215313433,134380.28937624287,78612
845,2012-07-01,131150.02547064325,132794.57071536768,134420.10393471085,78612
846,2012-08-01,131365.0798661602,132887.4482332878,134486.21898743458,78612
847,2012-09-01,131327.69259499173,133017.63989248354,134693.936419239,78612
848,2012-10-01,131148.67434660677,132980.28483404542,134684.01889171643,78612
849,2012-11-01,131016.44416874534,132683.63384749155,134308.25623421345,78612
850,2012-12-01,131008.88576925933,132741.2197362887,134364.38218872296,78612
851,2013-01-01,131208.6066719486,132882.25357458487,134521.45049243758,78612
852,2013-02-01,131432.05540437327,132902.5298314573,134615.66281118768,78612
853,2013-03-01,131809.42499012887,133423.64815972213,135089.8292082629,78612
854,2013-04-01,131902.1432924355,133481.6282049399,135224.73122196336,78612
855,2013-05-01,131613.4961579182,133424.44946543034,134982.95250850896,78612
856,2013-06-01,131997.68555993633,133606.9652770958,135208.68979181655,78612
857,2013-07-01,132270.54526039018,133843.92743822752,135611.97210181347,78612
858,2013-08-01,132506.9507866762,134123.46840210978,135856.2289927876,78612
859,2013-09-01,132808.42752610458,134426.34121852388,136055.22758699823,78612
860,2013-10-01,133502.1617257995,135143.03097804124,136774.61302778526,78612
861,2013-11-01,134118.54280994777,135750.85249096964,137294.96187296635,78612
862,2013-12-01,134764.04161322786,136343.5090703437,138106.74927670872,78612
863,2014-01-01,135304.80895304168,136937.8708594104,138434.35069903432,78612
864,2014-02-01,135835.64350470967,137549.1565244077,139245.61985014955,78612
865,2014-03-01,136542.45836634433,138152.1131849167,139857.37182870595,78612
866,2014-04-01,137472.852769694,139079.28235399188,140709.7044051087,78612
867,2014-05-01,137840.81340202427,139536.77670986578,141265.42193157002,78612
868,2014-06-01,138627.55504051514,140217.15536243934,141789.120309484,78612
869,2014-07-01,138639.83366544085,140279.4431347761,141889.3523001933,78612
870,2014-08-01,138782.05143351096,140343.7589058277,141889.41439221302,78612
871,2014-09-01,138830.91194686617,140419.86923995506,142074.93764910445,78612
872,2014-10-01,138854.40309290055,140503.02972379883,142091.75106651132,78612
873,2014-11-01,138990.79223096767,140577.8156357305,142279.69830380238,78612
874,2014-12-01,138943.44828614683,140548.49726870604,142191.31390691746,78612
875,2015-01-01,138858.78971701465,140402.68406315707,142062.95221049315,78612
876,2015-02-01,138844.22406312037,140409.9458371985,142036.97668958126,78612
877,2015-03-01,138450.1992314526,140023.3840053101,141645.43609500086,78612
878,2015-04-01,138928.47998306653,140632.17410277695,142248.21105008776,78612
879,2015-05-01,141083.90828663792,142621.885331749,144371.71724703143,78612
880,2015-06-01,143202.26412366948,144853.7905709001,146608.61050190259,78612
881,2015-07-01,145446.9287188314,147065.61310552765,148633.74366570354,78612
882,2015-08-01,147709.2074946058,149317.67862132704,151100.80154064271,78612
883,2015-09-01,149914.61939648126,151572.4412601667,153225.40434672582,78612
884,2015-10-01,152184.2020468672,153853.28200212802,155498.6265626903,78612
885,2015-11-01,154828.7983327019,156316.80405500962,157954.2064935698,78612
886,2015-12-01,156738.49501222448,158489.35031563343,160118.2003348744,78612
887,2016-01-01,158947.39001367646,160523.57016755064,162159.9601312673,78612
888,2016-02-01,160761.09484895662,162384.22831432955,163989.61906190647,78612
889,2016-03-01,162641.63057321587,164434.59710172503,165985.12470570032,78612
890,2016-04-01,164032.21430252213,165777.38105166782,167323.32261627848,78612
891,2016-05-01,165701.7530797619,167281.39295736508,168854.88218813058,78612
892,2016-06-01,167510.72493676693,169113.16487847513,170751.0335531885,78612
893,2016-07-01,169324.06569512427,170950.87400993795,172687.68887924158,78612
894,2016-08-01,171414.31174138264,172920.50244939278,174574.5345762854,78612
895,2016-09-01,173314.73182686258,174927.44503012495,176515.5934144935,78612
896,2016-10-01,175159.93143427416,176706.3005409146,178401.86019799972,78612
897,2016-11-01,176735.89662036503,178286.40047589588,179942.92557928464,78612
898,2016-12-01,178320.68171369325,179922.31962648765,181600.65570401712,78612
899,2017-01-01,180113.93149157905,181694.29783530268,183417.8714622376,78612
900,2017-02-01,181800.4999098051,183345.5184626944,184954.46686571435,78612
901,2017-03-01,183530.06350570885,185339.74783530002,187004.32959006526,78612
902,2017-04-01,185396.48950212743,187028.67225103758,188716.27424692665,78612
903,2017-05-01,187062.7320354433,188549.82677332222,190163.9027635528,78612
904,2017-06-01,188809.85435325856,190363.28695550808,192010.13116449572,78612
905,2017-07-01,190430.9607231406,192178.58237843207,193846.66310225468,78612
906,2017-08-01,192495.5875764296,194089.0677128347,195737.90477333654,78612
907,2017-09-01,194372.7410334919,196022.88489976813,197674.42425166038,78612
908,2017-10-01,196168.4736073806,197816.39233506506,199414.55454733118,78612
909,2017-11-01,197986.5232744003,199536.9254462974,201249.59822933358,78612
910,2017-12-01,199482.71261562692,201206.39970145104,202796.37352340415,78612
911,2018-01-01,201335.9603035351,202913.47308882262,204489.80030747666,78612
912,2018-02-01,202964.24154881496,204637.47035212466,206235.33649262643,78612
913,2018-03-01,204589.3978364555,206245.45684336204,207806.45754585008,78612
914,2018-04-01,206527.94746047727,208285.3376107413,209865.9788403405,78612
915,2018-04-30,208358.31058504898,210086.500492532,211844.4316586013,78612
916,2018-05-31,210115.52539569384,211777.94426967477,213490.7013142011,78612
917,2018-06-30,211748.4777412249,213457.1986979071,215283.80464653927,78612
918,2018-07-31,213322.22571148304,215066.72154917664,216918.39219970896,78612
919,2018-08-31,214676.04993031168,216666.16999733355,218730.7526119209,78612
920,2018-09-30,216360.9618664324,218590.5267520026,220876.35289779704,78612
921,2018-10-31,218564.02091609684,221015.02023604573,223561.36557723946,78612
922,2018-11-30,220110.29361168065,222799.40852942315,225732.91916832209,78612
923,2018-12-31,221104.65913883547,224161.5432420624,227571.8575839851,78612
924,2019-01-31,222670.8030704063,226205.43815783988,229845.43131236735,78612
925,2019-02-28,221823.5226619547,225969.62667308224,229972.6480293591,78612
926,2019-03-31,225020.53119681982,229824.92080598907,235214.1062144596,78612
927,2019-04-30,225965.99175466108,231361.2524855945,237113.48135393567,78612
928,2019-05-31,226328.59045045677,233022.38554020092,239749.3275808551,78612
929,2019-06-30,227675.16666351206,234670.12329161636,242512.9715049498,78612
930,2019-07-31,228459.62604273946,236219.12815272773,245043.64501146725,78612
931,2019-08-31,229706.45561309357,237758.58034741163,247720.8325340115,78612
932,2019-09-30,230773.24628677208,239720.1930919963,250931.59742877862,78612
933,2019-10-31,232107.22737163,242284.58239084485,253846.50238369868,78612
934,2019-11-30,232982.591979002,244080.99183009798,257019.47188104107,78612
935,2019-12-31,233216.95360923398,245370.51587530674,259038.740214002,78612
936,2020-01-31,234328.9674383685,247469.84815507793,261739.60423274385,78612
937,2020-02-29,233863.08625194672,248059.80384358703,263471.7380413354,78612
938,2020-03-31,235569.6204511554,250814.74146854828,268249.2191610224,78612
939,2020-04-30,236341.64558327297,252362.93703631323,269987.4133995688,78612
940,2020-05-31,237198.21502726688,254109.18698392768,273028.3575812071,78612
941,2020-06-30,238159.73090045218,255847.3843508954,275688.28312205314,78612
942,2020-07-31,238880.0893167646,257577.92814125883,279095.66884860955,78612
943,2020-08-31,239935.6695595547,259304.5018421948,281595.4471456368,78612
944,2020-09-30,240356.23052455316,261165.22676836053,284434.6452497726,78612
945,2020-10-31,241018.4092433344,263308.4946886094,288111.75233268813,78612
946,2020-11-30,242072.71890347166,265057.7320114012,290959.7374900726,78612
947,2020-12-31,242734.00972985965,266561.6726672127,293030.8983599898,78612
948,2021-01-31,242685.28365613328,268486.2738045804,296888.15133542946,78612
949,2021-02-28,242369.65520594662,268969.06474987214,298194.4832419002,78612
950,2021-03-31,244696.01066311926,272087.4315718477,301523.80283739616,78612
951,2021-04-30,244357.51586492447,273636.131476434,304662.5173731944,78612
952,2021-05-31,245604.52498584744,275355.95925549575,307524.9594487381,78612
953,2021-06-30,245988.92533735477,277065.39215133764,310215.06001021556,78612
954,2021-07-31,246174.50795268934,278735.46242963447,313360.0518757262,78612
955,2021-08-31,247250.56658528667,280397.3115844236,315969.5687910644,78612
956,2021-09-30,247426.55526131112,282288.01390125876,318927.21907158097,78612
957,2021-10-31,248177.6756957706,284572.0739774176,322300.7643222809,78612
958,2021-11-30,248656.21092628548,286340.72414366296,325746.555812354,78612
959,2021-12-31,249046.29987498757,287774.35524395126,327845.83387162123,78612
960,2022-01-31,249977.9853818432,289760.02159738383,331535.67467044527,78612
961,2022-02-28,248100.44247993274,289880.12886716495,333409.7714713273,78612
962,2022-03-31,250834.40546895107,293365.39897382655,338163.90431372466,78612
963,2022-04-30,249961.74499499827,294910.1753060881,340250.546183115,78612
964,2022-05-31,251248.2288849298,296601.61908323143,343828.8463117102,78612
965,2022-06-30,251928.28195283533,298280.87351146335,347042.2128948005,78612
966,2022-07-31,251785.4189757912,299890.3963627335,349803.0352149992,78612
967,2022-08-31,251131.17612406478,301489.8448108886,353569.4775775175,78612
968,2022-09-30,251999.2989300769,303414.20156555815,357370.9560387177,78612
969,2022-10-31,253915.74345612613,305838.6950496018,359337.72319988854,78612
970,2022-11-30,253909.0732333053,307623.0833429782,363502.4723101259,78612
971,2022-12-31,253494.97795046133,308985.2180556182,365725.50115393964,78612
972,2023-01-31,253443.53255024544,311029.11297139525,369705.26511394384,78612
973,2023-02-28,252275.464956819,310793.30148663773,369193.642394727,78612
974,2023-03-31,254822.87184780685,314648.5956195454,375924.5913203384,78612
