,RegionName,City,State,Metro,CountyName,time,value,ds,yhat_lower,yhat,yhat_upper,Zip_code,log_value,log_yhat
0,33415,Greenacres,FL,Miami-Fort Lauderdale,Palm Beach,1996-04-01,70000.0,1996-04-01,69157.37998224908,70058.42567287524,70903.24986079837,33415,11.156250521031495,11.157084825372467
1,33415,Greenacres,FL,Miami-Fort Lauderdale,Palm Beach,1996-05-01,70100.0,1996-05-01,69304.82255510012,70150.11695556378,70976.81963781812,33415,11.157678073022682,11.158392752750368
2,33415,Greenacres,FL,Miami-Fort Lauderdale,Palm Beach,1996-06-01,70300.0,1996-06-01,69442.8185195275,70270.24603118472,71115.89868286006,33415,11.160527077798756,11.160103745406595
3,33415,Greenacres,FL,Miami-Fort Lauderdale,Palm Beach,1996-07-01,70400.0,1996-07-01,69420.00157789484,70347.8395362802,71128.07004012387,33415,11.161948542146133,11.161207351854623
4,33415,Greenacres,FL,Miami-Fort Lauderdale,Palm Beach,1996-08-01,70600.0,1996-08-01,69747.09709930823,70604.46830648922,71498.56026975423,33415,11.164785423481334,11.164848711938763
5,33415,Greenacres,FL,Miami-Fort Lauderdale,Palm Beach,1996-09-01,70800.0,1996-09-01,70096.46717642505,71012.55280104399,71884.74772169505,33415,11.16761427968181,11.170611940410875
6,33415,Greenacres,FL,Miami-Fort Lauderdale,Palm Beach,1996-10-01,70900.0,1996-10-01,70279.16318004325,71159.34542068224,71980.9672425401,33415,11.169025712520218,11.172676943039912
7,33415,Greenacres,FL,Miami-Fort Lauderdale,Palm Beach,1996-11-01,71100.0,1996-11-01,70439.06702212163,71305.32425339975,72190.01777804182,33415,11.171842615791332,11.174726277575152
8,33415,Greenacres,FL,Miami-Fort Lauderdale,Palm Beach,1996-12-01,71400.0,1996-12-01,70624.22655060871,71530.76987767422,72362.64062713519,33415,11.176053148327675,11.177882984048482
9,33415,Greenacres,FL,Miami-Fort Lauderdale,Palm Beach,1997-01-01,71600.0,1997-01-01,70620.48465048187,71481.78778842397,72286.93595728792,33415,11.178850352948738,11.177197979990588
10,33415,Greenacres,FL,Miami-Fort Lauderdale,Palm Beach,1997-02-01,71900.0,1997-02-01,70624.04575518453,71449.95558054469,72359.03873651139,33415,11.183031543709138,11.176752561671952
11,33415,Greenacres,FL,Miami-Fort Lauderdale,Palm Beach,1997-03-01,72100.0,1997-03-01,70929.25276254938,71770.69379102642,72679.3827558311,33415,11.185809323273041,11.18123150724414
12,33415,Greenacres,FL,Miami-Fort Lauderdale,Palm Beach,1997-04-01,72200.0,1997-04-01,70885.10860973608,71797.67461019434,72665.7380525907,33415,11.187195324880918,11.181607367467198
13,33415,Greenacres,FL,Miami-Fort Lauderdale,Palm Beach,1997-05-01,72200.0,1997-05-01,70904.50019867865,71820.63709403922,72706.74405791426,33415,11.187195324880918,11.181927138445815
14,33415,Greenacres,FL,Miami-Fort Lauderdale,Palm Beach,1997-06-01,72300.0,1997-06-01,71022.3733879904,71931.7813137214,72765.4827887732,33415,11.188579408146856,11.183473467099759
15,33415,Greenacres,FL,Miami-Fort Lauderdale,Palm Beach,1997-07-01,72300.0,1997-07-01,71095.1772241749,72015.08857801389,72899.80886019714,33415,11.188579408146856,11.184630939626338
16,33415,Greenacres,FL,Miami-Fort Lauderdale,Palm Beach,1997-08-01,72300.0,1997-08-01,71388.82995042499,72341.74027992111,73215.39748285609,33415,11.188579408146856,11.189156562168911
17,33415,Greenacres,FL,Miami-Fort Lauderdale,Palm Beach,1997-09-01,72300.0,1997-09-01,71791.10897207305,72690.93692660563,73555.60139977132,33415,11.188579408146856,11.193971991742231
18,33415,Greenacres,FL,Miami-Fort Lauderdale,Palm Beach,1997-10-01,72400.0,1997-10-01,72078.41684298067,72812.7391642037,73705.48926350837,33415,11.189961578373808,11.195646207395354
19,33415,Greenacres,FL,Miami-Fort Lauderdale,Palm Beach,1997-11-01,72500.0,1997-11-01,71998.8718232683,72914.5132074291,73730.57557910937,33415,11.191341840842766,11.197042981960381
20,33415,Greenacres,FL,Miami-Fort Lauderdale,Palm Beach,1997-12-01,72700.0,1997-12-01,72210.67341993567,73118.17510429231,74066.82621484503,33415,11.194096663521611,11.19983224827135
21,33415,Greenacres,FL,Miami-Fort Lauderdale,Palm Beach,1998-01-01,73000.0,1998-01-01,72314.26028228937,73177.52908165868,74077.32831318387,33415,11.198214720130528,11.20064367306271
22,33415,Greenacres,FL,Miami-Fort Lauderdale,Palm Beach,1998-02-01,73300.0,1998-02-01,72374.92280359328,73259.99302626701,74126.45211347198,33415,11.202315887874743,11.20176994114125
23,33415,Greenacres,FL,Miami-Fort Lauderdale,Palm Beach,1998-03-01,73500.0,1998-03-01,72636.58271090311,73445.96102873639,74396.51354231514,33415,11.205040685200927,11.204305190692317
24,33415,Greenacres,FL,Miami-Fort Lauderdale,Palm Beach,1998-04-01,73700.0,1998-04-01,72772.71204748568,73589.66997505608,74494.91462580331,33415,11.207758078177427,11.206259941266698
25,33415,Greenacres,FL,Miami-Fort Lauderdale,Palm Beach,1998-05-01,73800.0,1998-05-01,72734.49014266305,73582.59466886654,74492.64160639861,33415,11.209114010588564,11.20616379127251
26,33415,Greenacres,FL,Miami-Fort Lauderdale,Palm Beach,1998-06-01,74000.0,1998-06-01,72807.82700173298,73726.19983520232,74574.49644641113,33415,11.211820372186306,11.208113508019714
27,33415,Greenacres,FL,Miami-Fort Lauderdale,Palm Beach,1998-07-01,74100.0,1998-07-01,73025.30151300094,73855.37080507506,74794.79371778759,33415,11.213170811284177,11.20986401117938
28,33415,Greenacres,FL,Miami-Fort Lauderdale,Palm Beach,1998-08-01,74300.0,1998-08-01,73388.55088639348,74291.23539210632,75212.70635192479,33415,11.215866230705851,11.215748261326556
29,33415,Greenacres,FL,Miami-Fort Lauderdale,Palm Beach,1998-09-01,74400.0,1998-09-01,73763.46182620914,74678.45777749264,75569.00566464529,33415,11.217211220821182,11.220946946364391
30,33415,Greenacres,FL,Miami-Fort Lauderdale,Palm Beach,1998-10-01,74600.0,1998-10-01,73986.31793811009,74870.45005042788,75702.79636332573,33415,11.219895786191852,11.223514566298261
31,33415,Greenacres,FL,Miami-Fort Lauderdale,Palm Beach,1998-11-01,74800.0,1998-11-01,74098.24142858651,75026.91798831192,75933.86979333336,33415,11.222573163962569,11.225602234637737
32,33415,Greenacres,FL,Miami-Fort Lauderdale,Palm Beach,1998-12-01,75100.0,1998-12-01,74390.05889077422,75248.70209898833,76105.35871402132,33415,11.226575837752225,11.228553934608401
33,33415,Greenacres,FL,Miami-Fort Lauderdale,Palm Beach,1999-01-01,75400.0,1999-01-01,74546.94158497333,75456.64061351556,76313.96329133169,33415,11.230562553996048,11.231313473755984
34,33415,Greenacres,FL,Miami-Fort Lauderdale,Palm Beach,1999-02-01,75700.0,1999-02-01,74826.94903351438,75679.03026452092,76598.18944859586,33415,11.23453343942554,11.234256390014185
35,33415,Greenacres,FL,Miami-Fort Lauderdale,Palm Beach,1999-03-01,75900.0,1999-03-01,74881.76702278749,75754.98564963487,76656.39044263774,33415,11.237171963383721,11.235259538362657
36,33415,Greenacres,FL,Miami-Fort Lauderdale,Palm Beach,1999-04-01,76100.0,1999-04-01,75197.23840138633,76044.75928467822,76956.41148981047,33415,11.239803543849778,11.239077383868864
37,33415,Greenacres,FL,Miami-Fort Lauderdale,Palm Beach,1999-05-01,76400.0,1999-05-01,75133.8769663187,76034.92357620595,76874.04648378782,33415,11.243737975154612,11.238948034460698
38,33415,Greenacres,FL,Miami-Fort Lauderdale,Palm Beach,1999-06-01,76700.0,1999-06-01,75362.12459057877,76240.59275287931,77123.38933258697,33415,11.247656987355347,11.241649313125762
39,33415,Greenacres,FL,Miami-Fort Lauderdale,Palm Beach,1999-07-01,77000.0,1999-07-01,75754.47861165431,76669.4470627982,77556.00497404099,33415,11.251560700835821,11.247258564616125
40,33415,Greenacres,FL,Miami-Fort Lauderdale,Palm Beach,1999-08-01,77300.0,1999-08-01,76683.55328955642,77474.47239659088,78375.07009764054,33415,11.255449234575513,11.257703772650068
41,33415,Greenacres,FL,Miami-Fort Lauderdale,Palm Beach,1999-09-01,77600.0,1999-09-01,77121.85342698978,78042.55321234673,78881.89755383672,33415,11.25932270617131,11.265009510915691
42,33415,Greenacres,FL,Miami-Fort Lauderdale,Palm Beach,1999-10-01,78000.0,1999-10-01,77570.34503167482,78444.36375064428,79287.54565389143,33415,11.26446410567173,11.270144910464124
43,33415,Greenacres,FL,Miami-Fort Lauderdale,Palm Beach,1999-11-01,78400.0,1999-11-01,77990.86628378436,78800.35641386961,79657.173238469,33415,11.269579206338499,11.274672798854391
44,33415,Greenacres,FL,Miami-Fort Lauderdale,Palm Beach,1999-12-01,79000.0,1999-12-01,78309.19213168319,79211.31730375823,80061.0899305359,33415,11.27720313144916,11.279874462843436
45,33415,Greenacres,FL,Miami-Fort Lauderdale,Palm Beach,2000-01-01,79600.0,2000-01-01,78857.65477069902,79743.46459219471,80656.55251302719,33415,11.284769371832475,11.2865700686019
46,33415,Greenacres,FL,Miami-Fort Lauderdale,Palm Beach,2000-02-01,80300.0,2000-02-01,79380.75600471515,80277.24095645112,81172.08219696897,33415,11.293524899934853,11.293241434562479
47,33415,Greenacres,FL,Miami-Fort Lauderdale,Palm Beach,2000-03-01,80800.0,2000-03-01,79781.2415088474,80656.54293060796,81533.41328604704,33415,11.299732244509187,11.29795520773459
48,33415,Greenacres,FL,Miami-Fort Lauderdale,Palm Beach,2000-04-01,81400.0,2000-04-01,80215.51283322796,81127.704884438,81987.29841185836,33415,11.307130551990632,11.303779795631607
49,33415,Greenacres,FL,Miami-Fort Lauderdale,Palm Beach,2000-05-01,82000.0,2000-05-01,80916.03569129665,81722.31321046774,82590.22795969025,33415,11.314474526246391,11.311082355071168
50,33415,Greenacres,FL,Miami-Fort Lauderdale,Palm Beach,2000-06-01,82600.0,2000-06-01,81461.59602546954,82362.1232308744,83213.94322622294,33415,11.32176495950907,11.318880940688915
51,33415,Greenacres,FL,Miami-Fort Lauderdale,Palm Beach,2000-07-01,83200.0,2000-07-01,82064.74907902023,82942.63377931101,83832.0127758565,33415,11.3290026268093,11.325904488532634
52,33415,Greenacres,FL,Miami-Fort Lauderdale,Palm Beach,2000-08-01,83900.0,2000-08-01,82856.81806388983,83718.94349430509,84575.93262681503,33415,11.337380892455297,11.335220556966515
53,33415,Greenacres,FL,Miami-Fort Lauderdale,Palm Beach,2000-09-01,84500.0,2000-09-01,83784.56927982591,84646.7089336463,85607.48556402545,33415,11.344506813345266,11.346241508289795
54,33415,Greenacres,FL,Miami-Fort Lauderdale,Palm Beach,2000-10-01,85100.0,2000-10-01,84474.61173287185,85296.41859662572,86158.4498277525,33415,11.351582314561465,11.353887746626773
55,33415,Greenacres,FL,Miami-Fort Lauderdale,Palm Beach,2000-11-01,85700.0,2000-11-01,85091.92722030176,85962.07837412911,86812.45455001041,33415,11.358608104585871,11.361661528850952
56,33415,Greenacres,FL,Miami-Fort Lauderdale,Palm Beach,2000-12-01,86400.0,2000-12-01,85834.31503626675,86690.44104174465,87526.48584940401,33415,11.366742954792146,11.370098903423221
57,33415,Greenacres,FL,Miami-Fort Lauderdale,Palm Beach,2001-01-01,87100.0,2001-01-01,86263.04773739832,87161.13989727978,88056.60842679386,33415,11.374812162840595,11.37551386718873
58,33415,Greenacres,FL,Miami-Fort Lauderdale,Palm Beach,2001-02-01,87800.0,2001-02-01,86766.7129772694,87661.48351141896,88524.38017046929,33415,11.382816779623209,11.381237897300043
59,33415,Greenacres,FL,Miami-Fort Lauderdale,Palm Beach,2001-03-01,88500.0,2001-03-01,87667.3810847606,88462.8966579194,89315.93565298835,33415,11.390757830996021,11.390338496284338
60,33415,Greenacres,FL,Miami-Fort Lauderdale,Palm Beach,2001-04-01,89100.0,2001-04-01,88209.66384323045,89022.05329910592,89920.54963666367,33415,11.3975146134589,11.39663940789703
61,33415,Greenacres,FL,Miami-Fort Lauderdale,Palm Beach,2001-05-01,89700.0,2001-05-01,88674.1052304096,89560.02464296951,90443.32052725396,33415,11.404226048046887,11.402664345868633
62,33415,Greenacres,FL,Miami-Fort Lauderdale,Palm Beach,2001-06-01,90400.0,2001-06-01,89339.89593517879,90203.34468467112,91065.08871297524,33415,11.411999546380267,11.409821786124562
63,33415,Greenacres,FL,Miami-Fort Lauderdale,Palm Beach,2001-07-01,91000.0,2001-07-01,89887.58633827562,90801.66080898196,91638.9225446611,33415,11.418614785498987,11.416432855269928
64,33415,Greenacres,FL,Miami-Fort Lauderdale,Palm Beach,2001-08-01,91700.0,2001-08-01,90823.24758291354,91660.48833290792,92502.28518266218,33415,11.426277658244556,11.425846685704474
65,33415,Greenacres,FL,Miami-Fort Lauderdale,Palm Beach,2001-09-01,92400.0,2001-09-01,91634.0855635248,92541.86080161168,93436.88986962929,33415,11.433882257629776,11.43541637033762
66,33415,Greenacres,FL,Miami-Fort Lauderdale,Palm Beach,2001-10-01,93200.0,2001-10-01,92287.79598824077,93178.67189922862,94040.2768092555,33415,11.442503000673682,11.442274132202337
67,33415,Greenacres,FL,Miami-Fort Lauderdale,Palm Beach,2001-11-01,94100.0,2001-11-01,93283.88109309383,94224.31318509675,95075.33781390492,33415,11.452113325573471,11.453433529014546
68,33415,Greenacres,FL,Miami-Fort Lauderdale,Palm Beach,2001-12-01,95100.0,2001-12-01,94396.66945751982,95312.48681972329,96114.63106554066,33415,11.462684248533481,11.464916107498988
69,33415,Greenacres,FL,Miami-Fort Lauderdale,Palm Beach,2002-01-01,96100.0,2002-01-01,95417.54461196254,96285.83625944375,97165.49280839124,33415,11.473144594958384,11.475076507627804
70,33415,Greenacres,FL,Miami-Fort Lauderdale,Palm Beach,2002-02-01,97200.0,2002-02-01,96487.6228372996,97282.29566640666,98089.78670055575,33415,11.48452599044853,11.485372295466028
71,33415,Greenacres,FL,Miami-Fort Lauderdale,Palm Beach,2002-03-01,98300.0,2002-03-01,97504.33288455894,98293.80795745541,99200.15494113663,33415,11.495779306135258,11.495716312874066
72,33415,Greenacres,FL,Miami-Fort Lauderdale,Palm Beach,2002-04-01,99300.0,2002-04-01,98491.02270863672,99351.51236612939,100236.14502864191,33415,11.505900850033264,11.506419470472348
73,33415,Greenacres,FL,Miami-Fort Lauderdale,Palm Beach,2002-05-01,100400.0,2002-05-01,99372.85189390852,100228.94879770285,101087.83112399321,33415,11.516917486239766,11.515212336063113
74,33415,Greenacres,FL,Miami-Fort Lauderdale,Palm Beach,2002-06-01,101500.0,2002-06-01,100382.31165745697,101286.54942639351,102191.84081639882,33415,11.52781407746398,11.525708901819534
75,33415,Greenacres,FL,Miami-Fort Lauderdale,Palm Beach,2002-07-01,102700.0,2002-07-01,101438.84865922572,102300.23213402893,103186.48936316611,33415,11.53956739591665,11.535667221086987
76,33415,Greenacres,FL,Miami-Fort Lauderdale,Palm Beach,2002-08-01,103800.0,2002-08-01,102829.70536264317,103650.09218341445,104537.18152221522,33415,11.550221249713925,11.548776007235594
77,33415,Greenacres,FL,Miami-Fort Lauderdale,Palm Beach,2002-09-01,104900.0,2002-09-01,104135.44193004235,105109.64876411115,105938.651006785,33415,11.560762794384388,11.56275935820884
78,33415,Greenacres,FL,Miami-Fort Lauderdale,Palm Beach,2002-10-01,106200.0,2002-10-01,105522.8903038314,106339.38380670133,107173.729227078,33415,11.573079387789976,11.574390992483533
79,33415,Greenacres,FL,Miami-Fort Lauderdale,Palm Beach,2002-11-01,107500.0,2002-11-01,106622.00247622201,107568.18593989618,108404.14587124765,33415,11.585246126549855,11.58588021328735
80,33415,Greenacres,FL,Miami-Fort Lauderdale,Palm Beach,2002-12-01,108700.0,2002-12-01,107970.80999471604,108827.7128202275,109673.26398680784,33415,11.596347073109301,11.597521294391232
81,33415,Greenacres,FL,Miami-Fort Lauderdale,Palm Beach,2003-01-01,109900.0,2003-01-01,109233.2350568232,110107.98553006441,110983.75431721471,33415,11.607326140391713,11.609216849872297
82,33415,Greenacres,FL,Miami-Fort Lauderdale,Palm Beach,2003-02-01,111100.0,2003-02-01,110599.12858316899,111402.70937637899,112293.07852890369,33415,11.618185975627721,11.620906927331982
83,33415,Greenacres,FL,Miami-Fort Lauderdale,Palm Beach,2003-03-01,112500.0,2003-03-01,111577.87527962436,112447.22467983914,113251.88872353923,33415,11.630708500626612,11.63023927660125
84,33415,Greenacres,FL,Miami-Fort Lauderdale,Palm Beach,2003-04-01,114000.0,2003-04-01,112966.48651775511,113809.33251019185,114675.81168476351,33415,11.643953727376633,11.642279805310066
85,33415,Greenacres,FL,Miami-Fort Lauderdale,Palm Beach,2003-05-01,115600.0,2003-05-01,114005.99580111387,114837.23957137542,115704.27302234237,33415,11.657891235220415,11.651271096775913
86,33415,Greenacres,FL,Miami-Fort Lauderdale,Palm Beach,2003-06-01,117300.0,2003-06-01,116015.5446823408,116902.54298936558,117810.95466674944,33415,11.672490034641568,11.66909590076817
87,33415,Greenacres,FL,Miami-Fort Lauderdale,Palm Beach,2003-07-01,119100.0,2003-07-01,118124.45474781624,118905.8597415303,119779.55837244449,33415,11.687718755343392,11.686087364404209
88,33415,Greenacres,FL,Miami-Fort Lauderdale,Palm Beach,2003-08-01,121000.0,2003-08-01,120460.35702301703,121337.82959897674,122228.67296740742,33415,11.703545824578878,11.706333914398593
89,33415,Greenacres,FL,Miami-Fort Lauderdale,Palm Beach,2003-09-01,122900.0,2003-09-01,122654.29582788024,123532.85493838778,124375.21273206688,33415,11.719126295554126,11.72426243155974
90,33415,Greenacres,FL,Miami-Fort Lauderdale,Palm Beach,2003-10-01,125000.0,2003-10-01,124671.15756467795,125509.12791893198,126352.82735954512,33415,11.736069016284437,11.74013376733087
91,33415,Greenacres,FL,Miami-Fort Lauderdale,Palm Beach,2003-11-01,127100.0,2003-11-01,126597.51132327541,127492.0651058116,128392.97542026952,33415,11.752729457177546,11.75580940717975
92,33415,Greenacres,FL,Miami-Fort Lauderdale,Palm Beach,2003-12-01,129400.0,2003-12-01,128546.95470532175,129477.48843794741,130360.05564818389,33415,11.770663661048937,11.771262310554764
93,33415,Greenacres,FL,Miami-Fort Lauderdale,Palm Beach,2004-01-01,131600.0,2004-01-01,130791.300834471,131636.58025003748,132504.9325203612,33415,11.787522297873354,11.787800224673939
94,33415,Greenacres,FL,Miami-Fort Lauderdale,Palm Beach,2004-02-01,133900.0,2004-02-01,132937.10152330372,133797.301137949,134717.28115500283,33415,11.804848531679264,11.804081255605483
95,33415,Greenacres,FL,Miami-Fort Lauderdale,Palm Beach,2004-03-01,136100.0,2004-03-01,134826.92495088425,135698.5834729437,136584.1084387101,33415,11.821145188639557,11.818191407101887
96,33415,Greenacres,FL,Miami-Fort Lauderdale,Palm Beach,2004-04-01,138300.0,2004-04-01,137272.97718017784,138077.22453314118,138900.9355190557,33415,11.83718051765285,11.835568405688973
97,33415,Greenacres,FL,Miami-Fort Lauderdale,Palm Beach,2004-05-01,140600.0,2004-05-01,139703.37338863875,140517.78038146216,141383.74716888252,33415,11.853674258358701,11.853089310506803
98,33415,Greenacres,FL,Miami-Fort Lauderdale,Palm Beach,2004-06-01,143000.0,2004-06-01,142160.2608280252,143065.06950823686,143950.0519173999,33415,11.870599909242044,11.871054837272727
99,33415,Greenacres,FL,Miami-Fort Lauderdale,Palm Beach,2004-07-01,145600.0,2004-07-01,144685.4926720055,145491.52757896477,146357.04181682956,33415,11.888618414744723,11.887873134200433
100,33415,Greenacres,FL,Miami-Fort Lauderdale,Palm Beach,2004-08-01,148200.0,2004-08-01,147300.83841304338,148175.31640032708,148997.7265309724,33415,11.906317991844123,11.906151421968941
101,33415,Greenacres,FL,Miami-Fort Lauderdale,Palm Beach,2004-09-01,150900.0,2004-09-01,150099.9712032715,151010.5609460356,151919.59443207525,33415,11.924372644755941,11.925105053391341
102,33415,Greenacres,FL,Miami-Fort Lauderdale,Palm Beach,2004-10-01,153800.0,2004-10-01,152667.28033536658,153506.21813130617,154400.2423288315,33415,11.94340833605368,11.94149635418766
103,33415,Greenacres,FL,Miami-Fort Lauderdale,Palm Beach,2004-11-01,156700.0,2004-11-01,155199.72629114977,156079.35701517752,156980.35138757338,33415,11.962088428344112,11.958119855703535
104,33415,Greenacres,FL,Miami-Fort Lauderdale,Palm Beach,2004-12-01,159900.0,2004-12-01,157798.21325636032,158653.66720508423,159528.87540694055,33415,11.982303898822046,11.974478911809332
105,33415,Greenacres,FL,Miami-Fort Lauderdale,Palm Beach,2005-01-01,163200.0,2005-01-01,162016.52609923852,162886.4716289146,163696.7234273618,33415,12.002731721512143,12.000808744050772
106,33415,Greenacres,FL,Miami-Fort Lauderdale,Palm Beach,2005-02-01,166600.0,2005-02-01,166267.3584856358,167146.85063121325,167987.43962606636,33415,12.02335100871488,12.026628050098578
107,33415,Greenacres,FL,Miami-Fort Lauderdale,Palm Beach,2005-03-01,170300.0,2005-03-01,170473.5795849664,171344.42477346878,172220.4593390365,33415,12.04531686665078,12.051430989705825
108,33415,Greenacres,FL,Miami-Fort Lauderdale,Palm Beach,2005-04-01,174400.0,2005-04-01,174841.23337336935,175663.6168028148,176529.7312276549,33415,12.069106790457017,12.076326177050868
109,33415,Greenacres,FL,Miami-Fort Lauderdale,Palm Beach,2005-05-01,178700.0,2005-05-01,178993.00315026863,179840.33207070277,180704.47303572678,33415,12.093463701147519,12.09982469216431
110,33415,Greenacres,FL,Miami-Fort Lauderdale,Palm Beach,2005-06-01,183300.0,2005-06-01,183370.07815425328,184243.68750056313,185093.81290315432,33415,12.118879433827797,12.12401454895213
111,33415,Greenacres,FL,Miami-Fort Lauderdale,Palm Beach,2005-07-01,188200.0,2005-07-01,187608.25786545052,188480.74754889891,189362.1188645347,33415,12.145260506133416,12.146751145634962
112,33415,Greenacres,FL,Miami-Fort Lauderdale,Palm Beach,2005-08-01,193000.0,2005-08-01,192322.70052114743,193099.61046098414,193969.49746865276,33415,12.170445467887022,12.17096145112293
113,33415,Greenacres,FL,Miami-Fort Lauderdale,Palm Beach,2005-09-01,197600.0,2005-09-01,196847.29540764634,197741.01831784696,198709.7821134977,33415,12.194000064295905,12.194713465219632
114,33415,Greenacres,FL,Miami-Fort Lauderdale,Palm Beach,2005-10-01,202000.0,2005-10-01,201116.54884444384,202016.57333948792,202870.87563353946,33415,12.216022976383341,12.216105019252822
115,33415,Greenacres,FL,Miami-Fort Lauderdale,Palm Beach,2005-11-01,206100.0,2005-11-01,204872.54867841423,205687.40811636197,206529.00139144348,33415,12.23611676687855,12.234112858970857
116,33415,Greenacres,FL,Miami-Fort Lauderdale,Palm Beach,2005-12-01,210200.0,2005-12-01,208436.17359827686,209316.091580994,210207.58002011606,33415,12.255814737424988,12.251600788331093
117,33415,Greenacres,FL,Miami-Fort Lauderdale,Palm Beach,2006-01-01,213900.0,2006-01-01,212009.6324107378,212914.63451172126,213801.24343064154,33415,12.273263895070498,12.268646587418743
118,33415,Greenacres,FL,Miami-Fort Lauderdale,Palm Beach,2006-02-01,217500.0,2006-02-01,215661.84656034267,216536.28740969088,217361.39554502972,33415,12.289954129510877,12.285513421662452
119,33415,Greenacres,FL,Miami-Fort Lauderdale,Palm Beach,2006-03-01,221000.0,2006-03-01,219097.48694694784,219918.94220874392,220781.43318419228,33415,12.30591798049989,12.301014312936436
120,33415,Greenacres,FL,Miami-Fort Lauderdale,Palm Beach,2006-04-01,224500.0,2006-04-01,222769.97201833827,223601.84010842448,224449.1049421499,33415,12.321630986164447,12.317622249694445
121,33415,Greenacres,FL,Miami-Fort Lauderdale,Palm Beach,2006-05-01,227500.0,2006-05-01,226173.22511655392,227019.7863700036,227897.66644598456,33415,12.334905517373143,12.332792457290491
122,33415,Greenacres,FL,Miami-Fort Lauderdale,Palm Beach,2006-06-01,229900.0,2006-06-01,229824.91261592536,230702.58048970034,231604.1158369395,33415,12.345399710751273,12.348884629576967
123,33415,Greenacres,FL,Miami-Fort Lauderdale,Palm Beach,2006-07-01,231600.0,2006-07-01,233409.6697996815,234256.77302734205,235101.51765852468,33415,12.352767024680977,12.364173113353294
124,33415,Greenacres,FL,Miami-Fort Lauderdale,Palm Beach,2006-08-01,232400.0,2006-08-01,232637.41699062494,233549.4778040212,234404.59002767937,33415,12.356215303959893,12.361149230021187
125,33415,Greenacres,FL,Miami-Fort Lauderdale,Palm Beach,2006-09-01,232600.0,2006-09-01,231888.3039767101,232735.2185408499,233583.1141091117,33415,12.3570755190667,12.357656685242258
126,33415,Greenacres,FL,Miami-Fort Lauderdale,Palm Beach,2006-10-01,232400.0,2006-10-01,230855.0438841471,231764.48663776144,232637.14689139574,33415,12.356215303959893,12.353476991238251
127,33415,Greenacres,FL,Miami-Fort Lauderdale,Palm Beach,2006-11-01,231700.0,2006-11-01,229810.97344197636,230719.47292708798,231603.28243027523,33415,12.353198710420468,12.348957848606139
128,33415,Greenacres,FL,Miami-Fort Lauderdale,Palm Beach,2006-12-01,230700.0,2006-12-01,228836.45661612373,229778.53286174062,230630.1296015887,33415,12.348873444161844,12.344871223417613
129,33415,Greenacres,FL,Miami-Fort Lauderdale,Palm Beach,2007-01-01,229800.0,2007-01-01,227892.1253135923,228784.98972771005,229615.69405385345,33415,12.344964644396793,12.34053793199879
130,33415,Greenacres,FL,Miami-Fort Lauderdale,Palm Beach,2007-02-01,228400.0,2007-02-01,226925.03969263905,227805.89773015727,228591.5080970687,33415,12.338853756763992,12.336249219608092
131,33415,Greenacres,FL,Miami-Fort Lauderdale,Palm Beach,2007-03-01,226700.0,2007-03-01,225909.097453785,226796.6438843159,227688.00743684705,33415,12.33138283649562,12.331809053038045
132,33415,Greenacres,FL,Miami-Fort Lauderdale,Palm Beach,2007-04-01,224800.0,2007-04-01,225004.3243191259,225884.9358708017,226705.8688027308,33415,12.322966397001673,12.32778101528701
133,33415,Greenacres,FL,Miami-Fort Lauderdale,Palm Beach,2007-05-01,222700.0,2007-05-01,223795.24191545782,224712.37598630608,225625.00810936553,33415,12.313580853245458,12.32257653447737
134,33415,Greenacres,FL,Miami-Fort Lauderdale,Palm Beach,2007-06-01,220200.0,2007-06-01,220065.0900194683,220866.71166004206,221727.08609017113,33415,12.302291503270716,12.30531468389264
135,33415,Greenacres,FL,Miami-Fort Lauderdale,Palm Beach,2007-07-01,217500.0,2007-07-01,216270.59255580185,217149.7370468003,217988.72879142818,33415,12.289954129510877,12.288342427033385
136,33415,Greenacres,FL,Miami-Fort Lauderdale,Palm Beach,2007-08-01,214500.0,2007-08-01,212863.1901547104,213670.73915999368,214586.81254545812,33415,12.27606501735021,12.272191507084228
137,33415,Greenacres,FL,Miami-Fort Lauderdale,Palm Beach,2007-09-01,211100.0,2007-09-01,209089.0619620475,209954.7967551505,210848.71229034464,33415,12.260087233836412,12.254647532982334
138,33415,Greenacres,FL,Miami-Fort Lauderdale,Palm Beach,2007-10-01,207100.0,2007-10-01,205380.6323503493,206210.77837028744,207075.26675768648,33415,12.240957047383676,12.236654120635786
139,33415,Greenacres,FL,Miami-Fort Lauderdale,Palm Beach,2007-11-01,202700.0,2007-11-01,201410.27386381157,202282.74781291312,203191.01839952366,33415,12.21948233244009,12.217421739306287
140,33415,Greenacres,FL,Miami-Fort Lauderdale,Palm Beach,2007-12-01,198200.0,2007-12-01,197641.8784239997,198547.87977964134,199410.48580630173,33415,12.197031900878025,12.19878555798131
141,33415,Greenacres,FL,Miami-Fort Lauderdale,Palm Beach,2008-01-01,193900.0,2008-01-01,193836.25837129806,194796.00384747869,195674.6769730301,33415,12.175097841230743,12.179708155850168
142,33415,Greenacres,FL,Miami-Fort Lauderdale,Palm Beach,2008-02-01,189700.0,2008-02-01,190186.3469517881,191045.7569911359,191944.0707795759,33415,12.153199155923106,12.160268243736176
143,33415,Greenacres,FL,Miami-Fort Lauderdale,Palm Beach,2008-03-01,185700.0,2008-03-01,185373.59342993412,186237.5315944045,187097.56920797663,33415,12.131887747340798,12.134778189541352
144,33415,Greenacres,FL,Miami-Fort Lauderdale,Palm Beach,2008-04-01,181500.0,2008-04-01,180162.61944695443,180954.183363283,181818.5113046377,33415,12.109010932687042,12.10599914761541
145,33415,Greenacres,FL,Miami-Fort Lauderdale,Palm Beach,2008-05-01,176800.0,2008-05-01,175161.80371983774,175979.9108651652,176881.92579479137,33415,12.08277442918568,12.07812512469394
146,33415,Greenacres,FL,Miami-Fort Lauderdale,Palm Beach,2008-06-01,171600.0,2008-06-01,169947.42791607179,170865.21070062046,171727.14220683498,33415,12.052921466035999,12.048630283142264
147,33415,Greenacres,FL,Miami-Fort Lauderdale,Palm Beach,2008-07-01,166200.0,2008-07-01,164979.38225991072,165876.8404249101,166792.5363991856,33415,12.020947161403486,12.019000866824864
148,33415,Greenacres,FL,Miami-Fort Lauderdale,Palm Beach,2008-08-01,161100.0,2008-08-01,160008.82854473387,160898.63995495293,161771.87242733233,33415,11.989780569165065,11.988529880209839
149,33415,Greenacres,FL,Miami-Fort Lauderdale,Palm Beach,2008-09-01,156300.0,2008-09-01,155214.19753646076,156071.89520934183,156980.98488190182,33415,11.959532516409569,11.958072046791772
150,33415,Greenacres,FL,Miami-Fort Lauderdale,Palm Beach,2008-10-01,151300.0,2008-10-01,150221.24019515733,151152.72404817428,152086.65933102713,33415,11.927019899776447,11.926046022196543
151,33415,Greenacres,FL,Miami-Fort Lauderdale,Palm Beach,2008-11-01,146300.0,2008-11-01,145175.12012516454,146063.8736407255,146881.53266767596,33415,11.893414587008216,11.891799295709225
152,33415,Greenacres,FL,Miami-Fort Lauderdale,Palm Beach,2008-12-01,141600.0,2008-12-01,140346.45220298428,141223.35548419412,142081.0020545962,33415,11.860761460241756,11.858097997474887
153,33415,Greenacres,FL,Miami-Fort Lauderdale,Palm Beach,2009-01-01,137200.0,2009-01-01,135987.0555611911,136809.54404195215,137700.51404751078,33415,11.829194994273921,11.826345048125566
154,33415,Greenacres,FL,Miami-Fort Lauderdale,Palm Beach,2009-02-01,132800.0,2009-02-01,131518.8852262781,132423.30717817845,133265.15346322284,33415,11.79659951602447,11.793758943081471
155,33415,Greenacres,FL,Miami-Fort Lauderdale,Palm Beach,2009-03-01,128200.0,2009-03-01,127976.22423438406,128811.03473172289,129648.86967110707,33415,11.761346823468706,11.766101762365578
156,33415,Greenacres,FL,Miami-Fort Lauderdale,Palm Beach,2009-04-01,123400.0,2009-04-01,123562.56126533974,124483.61089499648,125348.22112963902,33415,11.723186390453424,11.731929346824055
157,33415,Greenacres,FL,Miami-Fort Lauderdale,Palm Beach,2009-05-01,118500.0,2009-05-01,119456.01664772026,120292.63338926581,121136.50934618792,33415,11.682668239557323,11.697682664753362
158,33415,Greenacres,FL,Miami-Fort Lauderdale,Palm Beach,2009-06-01,113900.0,2009-06-01,115115.15877675332,116049.37295305377,116914.4858606963,33415,11.643076149435274,11.66177100843985
159,33415,Greenacres,FL,Miami-Fort Lauderdale,Palm Beach,2009-07-01,110400.0,2009-07-01,111014.14645497485,111918.7402277704,112830.60706002281,33415,11.611865412825132,11.625528353269674
160,33415,Greenacres,FL,Miami-Fort Lauderdale,Palm Beach,2009-08-01,107900.0,2009-08-01,107013.6923766132,107890.98727378352,108709.65312675358,33415,11.588960151246226,11.588876619247642
161,33415,Greenacres,FL,Miami-Fort Lauderdale,Palm Beach,2009-09-01,105900.0,2009-09-01,103002.24993375844,103885.77926457337,104784.58518146917,33415,11.570250531589497,11.551047298273964
162,33415,Greenacres,FL,Miami-Fort Lauderdale,Palm Beach,2009-10-01,104200.0,2009-10-01,102436.94115869615,103321.04644353045,104218.6019087919,33415,11.554067408301403,11.545596375338224
163,33415,Greenacres,FL,Miami-Fort Lauderdale,Palm Beach,2009-11-01,102700.0,2009-11-01,101858.93092905363,102713.40092615945,103655.53007556032,33415,11.53956739591665,11.539697873539998
164,33415,Greenacres,FL,Miami-Fort Lauderdale,Palm Beach,2009-12-01,101900.0,2009-12-01,101383.69252082186,102201.61958990972,103068.83837887405,33415,11.531747219210816,11.534702803885565
165,33415,Greenacres,FL,Miami-Fort Lauderdale,Palm Beach,2010-01-01,101700.0,2010-01-01,100626.30036687784,101521.6822263923,102340.88278009764,33415,11.52978258203665,11.528027672644917
166,33415,Greenacres,FL,Miami-Fort Lauderdale,Palm Beach,2010-02-01,101800.0,2010-02-01,99964.36256323115,100864.85483011695,101762.2432167873,33415,11.53076538309856,11.52153682881809
167,33415,Greenacres,FL,Miami-Fort Lauderdale,Palm Beach,2010-03-01,101200.0,2010-03-01,99506.5895871659,100383.0758150138,101245.47947920157,33415,11.524854035835503,11.516748904451111
168,33415,Greenacres,FL,Miami-Fort Lauderdale,Palm Beach,2010-04-01,99800.0,2010-04-01,98955.37131990961,99787.49342044965,100616.05589515422,33415,11.510923462299555,11.510798138018435
169,33415,Greenacres,FL,Miami-Fort Lauderdale,Palm Beach,2010-05-01,98700.0,2010-05-01,98161.86427707298,99064.9748811465,99919.97621577595,33415,11.499840225421574,11.503531225769013
170,33415,Greenacres,FL,Miami-Fort Lauderdale,Palm Beach,2010-06-01,98300.0,2010-06-01,97646.43999476942,98469.28870659856,99301.4377922394,33415,11.495779306135258,11.497499988762916
171,33415,Greenacres,FL,Miami-Fort Lauderdale,Palm Beach,2010-07-01,97300.0,2010-07-01,97012.20659452805,97883.01644335821,98870.27010777213,33415,11.485554268174097,11.491528334852063
172,33415,Greenacres,FL,Miami-Fort Lauderdale,Palm Beach,2010-08-01,95200.0,2010-08-01,94929.63647076362,95796.86772561708,96645.04211216577,33415,11.463735220779457,11.469985267449657
173,33415,Greenacres,FL,Miami-Fort Lauderdale,Palm Beach,2010-09-01,93000.0,2010-09-01,92745.12532149623,93603.75496802478,94457.72662150122,33415,11.440354772135393,11.446825778840763
174,33415,Greenacres,FL,Miami-Fort Lauderdale,Palm Beach,2010-10-01,91600.0,2010-10-01,90448.72061863737,91298.64871549705,92156.56219622295,33415,11.425186550662222,11.421891265986096
175,33415,Greenacres,FL,Miami-Fort Lauderdale,Palm Beach,2010-11-01,90400.0,2010-11-01,88008.39898625515,88874.78151040229,89725.67457305497,33415,11.411999546380267,11.394983708710422
176,33415,Greenacres,FL,Miami-Fort Lauderdale,Palm Beach,2010-12-01,88500.0,2010-12-01,85757.06444640174,86599.4670956157,87461.00022555901,33415,11.390757830996021,11.369048940901289
177,33415,Greenacres,FL,Miami-Fort Lauderdale,Palm Beach,2011-01-01,85700.0,2011-01-01,83363.90085038604,84227.0704671646,85073.96805779004,33415,11.358608104585871,11.341271650545057
178,33415,Greenacres,FL,Miami-Fort Lauderdale,Palm Beach,2011-02-01,82400.0,2011-02-01,81034.45088151573,81869.12497519159,82806.5137391072,33415,11.319340715897564,11.312877214334772
179,33415,Greenacres,FL,Miami-Fort Lauderdale,Palm Beach,2011-03-01,79600.0,2011-03-01,78750.54695855181,79614.45506987335,80527.01838759946,33415,11.284769371832475,11.284950951701045
180,33415,Greenacres,FL,Miami-Fort Lauderdale,Palm Beach,2011-04-01,77800.0,2011-04-01,76488.32755711449,77323.89356193805,78191.67417568869,33415,11.261896710166482,11.255758288520253
181,33415,Greenacres,FL,Miami-Fort Lauderdale,Palm Beach,2011-05-01,76300.0,2011-05-01,75438.30730952194,76322.25067051048,77240.63599516559,33415,11.242428217272549,11.24271979560494
182,33415,Greenacres,FL,Miami-Fort Lauderdale,Palm Beach,2011-06-01,74500.0,2011-06-01,74635.1435586404,75503.05242479648,76347.82027399988,33415,11.218554404367652,11.23192836388737
183,33415,Greenacres,FL,Miami-Fort Lauderdale,Palm Beach,2011-07-01,73200.0,2011-07-01,73861.64385583565,74714.91595402196,75578.08749705766,33415,11.200950699949402,11.221435029287248
184,33415,Greenacres,FL,Miami-Fort Lauderdale,Palm Beach,2011-08-01,72400.0,2011-08-01,73434.77794876946,74262.38414776485,75152.16825398247,33415,11.189961578373808,11.21535983262595
185,33415,Greenacres,FL,Miami-Fort Lauderdale,Palm Beach,2011-09-01,72100.0,2011-09-01,72674.89853216655,73572.90782347116,74452.00880256416,33415,11.185809323273041,11.206032136726874
186,33415,Greenacres,FL,Miami-Fort Lauderdale,Palm Beach,2011-10-01,71800.0,2011-10-01,71874.60110507082,72757.7275810755,73698.5927990746,33415,11.181639755036315,11.194890400438394
187,33415,Greenacres,FL,Miami-Fort Lauderdale,Palm Beach,2011-11-01,71400.0,2011-11-01,70961.05112278661,71856.16310425132,72695.51600539865,33415,11.176053148327675,11.18242166520152
188,33415,Greenacres,FL,Miami-Fort Lauderdale,Palm Beach,2011-12-01,70800.0,2011-12-01,70242.04956674919,71050.13321344738,71947.40977359569,33415,11.16761427968181,11.171141008448856
189,33415,Greenacres,FL,Miami-Fort Lauderdale,Palm Beach,2012-01-01,70500.0,2012-01-01,69386.10497775291,70324.7233618336,71203.035659633,33415,11.16336798880036,11.160878699640168
190,33415,Greenacres,FL,Miami-Fort Lauderdale,Palm Beach,2012-02-01,70600.0,2012-02-01,68751.55028045335,69600.94258604091,70480.4931467901,33415,11.164785423481334,11.150533389133694
191,33415,Greenacres,FL,Miami-Fort Lauderdale,Palm Beach,2012-03-01,70600.0,2012-03-01,69106.30586471857,69934.48674194883,70791.51317055016,33415,11.164785423481334,11.155314179113747
192,33415,Greenacres,FL,Miami-Fort Lauderdale,Palm Beach,2012-04-01,70500.0,2012-04-01,69320.09458928552,70147.51286020051,71048.28732748644,33415,11.16336798880036,11.158355630307645
193,33415,Greenacres,FL,Miami-Fort Lauderdale,Palm Beach,2012-05-01,70900.0,2012-05-01,69584.07364895297,70492.31231308909,71385.29719783347,33415,11.169025712520218,11.16325893765009
194,33415,Greenacres,FL,Miami-Fort Lauderdale,Palm Beach,2012-06-01,71600.0,2012-06-01,70019.08939475271,70873.98649791755,71761.9259604694,33415,11.178850352948738,11.168658741074793
195,33415,Greenacres,FL,Miami-Fort Lauderdale,Palm Beach,2012-07-01,72200.0,2012-07-01,70374.51078343813,71204.68817321364,72077.2711091139,33415,11.187195324880918,11.173313940361776
196,33415,Greenacres,FL,Miami-Fort Lauderdale,Palm Beach,2012-08-01,72300.0,2012-08-01,70813.31202013756,71722.86205262982,72593.41393658184,33415,11.188579408146856,11.18056483284351
197,33415,Greenacres,FL,Miami-Fort Lauderdale,Palm Beach,2012-09-01,72400.0,2012-09-01,71610.1076319676,72392.4916563922,73214.5818416015,33415,11.189961578373808,11.189857866592504
198,33415,Greenacres,FL,Miami-Fort Lauderdale,Palm Beach,2012-10-01,72500.0,2012-10-01,71984.03086095837,72792.39244623069,73601.33636155598,33415,11.191341840842766,11.195366729359375
199,33415,Greenacres,FL,Miami-Fort Lauderdale,Palm Beach,2012-11-01,73000.0,2012-11-01,72340.71754524804,73199.91638815553,74003.33107060804,33415,11.198214720130528,11.200949557710437
200,33415,Greenacres,FL,Miami-Fort Lauderdale,Palm Beach,2012-12-01,73700.0,2012-12-01,73585.64713696972,74462.29843122499,75340.46319516498,33415,11.207758078177427,11.218048214949562
201,33415,Greenacres,FL,Miami-Fort Lauderdale,Palm Beach,2013-01-01,74900.0,2013-01-01,74596.89797716484,75484.81730806311,76329.2416084869,33415,11.22390916950531,11.23168681975731
202,33415,Greenacres,FL,Miami-Fort Lauderdale,Palm Beach,2013-02-01,76400.0,2013-02-01,75624.05211645293,76534.9107633699,77390.66355845254,33415,11.243737975154612,11.245502265566676
203,33415,Greenacres,FL,Miami-Fort Lauderdale,Palm Beach,2013-03-01,77800.0,2013-03-01,76978.43464411827,77832.87215350286,78729.75404085388,33415,11.261896710166482,11.262319142182763
204,33415,Greenacres,FL,Miami-Fort Lauderdale,Palm Beach,2013-04-01,78900.0,2013-04-01,78104.32928083981,78941.77863585648,79770.73734821951,33415,11.275936506833965,11.276465880453463
205,33415,Greenacres,FL,Miami-Fort Lauderdale,Palm Beach,2013-05-01,79900.0,2013-05-01,79164.08001918643,80011.76595504224,80873.13478688194,33415,11.288531131754366,11.289928977279661
206,33415,Greenacres,FL,Miami-Fort Lauderdale,Palm Beach,2013-06-01,81100.0,2013-06-01,80319.9088179767,81204.83583791046,81975.63310879139,33415,11.303438240103505,11.30473007903053
207,33415,Greenacres,FL,Miami-Fort Lauderdale,Palm Beach,2013-07-01,82400.0,2013-07-01,81543.49680077966,82335.16793754339,83166.94054367644,33415,11.319340715897564,11.318553609335977
208,33415,Greenacres,FL,Miami-Fort Lauderdale,Palm Beach,2013-08-01,84300.0,2013-08-01,82877.51964123375,83743.74530263647,84584.22910122591,33415,11.342137143989946,11.335516763944808
209,33415,Greenacres,FL,Miami-Fort Lauderdale,Palm Beach,2013-09-01,86300.0,2013-09-01,84295.95364842491,85174.86761250683,86057.56662844599,33415,11.36558487707152,11.352461688228068
210,33415,Greenacres,FL,Miami-Fort Lauderdale,Palm Beach,2013-10-01,88100.0,2013-10-01,86125.00638344658,86958.61096277283,87831.03148716757,33415,11.386227811924272,11.373187548378336
211,33415,Greenacres,FL,Miami-Fort Lauderdale,Palm Beach,2013-11-01,89600.0,2013-11-01,87838.59837883257,88777.72415575551,89636.54142434915,33415,11.403110598963021,11.393891043409257
212,33415,Greenacres,FL,Miami-Fort Lauderdale,Palm Beach,2013-12-01,90500.0,2013-12-01,89777.09128694408,90614.41899081474,91455.55833146401,33415,11.413105129688017,11.414368629377044
213,33415,Greenacres,FL,Miami-Fort Lauderdale,Palm Beach,2014-01-01,90800.0,2014-01-01,91495.45515387152,92361.24033765044,93254.06004882429,33415,11.416414564589385,11.43346269275949
214,33415,Greenacres,FL,Miami-Fort Lauderdale,Palm Beach,2014-02-01,91700.0,2014-02-01,93293.62530583667,94131.17165172806,94998.5513492538,33415,11.426277658244556,11.452444531629721
215,33415,Greenacres,FL,Miami-Fort Lauderdale,Palm Beach,2014-03-01,93900.0,2014-03-01,94944.03119834342,95841.30372984687,96696.04113818845,33415,11.449985665196355,11.470449016447978
216,33415,Greenacres,FL,Miami-Fort Lauderdale,Palm Beach,2014-04-01,96900.0,2014-04-01,96784.61818536454,97672.48004563578,98494.19680685195,33415,11.481434797878858,11.489375120211253
217,33415,Greenacres,FL,Miami-Fort Lauderdale,Palm Beach,2014-05-01,99600.0,2014-05-01,98461.64296135135,99298.43767764227,100093.14435463192,33415,11.50891744357269,11.505885116552417
218,33415,Greenacres,FL,Miami-Fort Lauderdale,Palm Beach,2014-06-01,102200.0,2014-06-01,100254.109251155,101129.5102134476,102020.69218263643,33415,11.534686956751742,11.524157253746424
219,33415,Greenacres,FL,Miami-Fort Lauderdale,Palm Beach,2014-07-01,104900.0,2014-07-01,102272.70028327807,103207.60949521876,104088.80220695485,33415,11.560762794384388,11.544497864730063
220,33415,Greenacres,FL,Miami-Fort Lauderdale,Palm Beach,2014-08-01,107100.0,2014-08-01,104804.31816271353,105657.36667121186,106611.83991659625,33415,11.58151825643584,11.567956747742691
221,33415,Greenacres,FL,Miami-Fort Lauderdale,Palm Beach,2014-09-01,108400.0,2014-09-01,107161.90559840575,108000.159807354,108918.34002177985,33415,11.593583367987684,11.589887985802983
222,33415,Greenacres,FL,Miami-Fort Lauderdale,Palm Beach,2014-10-01,109600.0,2014-10-01,109175.1945701885,110084.63990360146,110933.85250302457,33415,11.604592653496052,11.60900480256595
223,33415,Greenacres,FL,Miami-Fort Lauderdale,Palm Beach,2014-11-01,111600.0,2014-11-01,111306.08930340383,112196.67859224121,113110.39444169842,33415,11.622676328929348,11.628008669067873
224,33415,Greenacres,FL,Miami-Fort Lauderdale,Palm Beach,2014-12-01,114000.0,2014-12-01,113414.50400504426,114310.95052623015,115244.7658384701,33415,11.643953727376633,11.646677650322756
225,33415,Greenacres,FL,Miami-Fort Lauderdale,Palm Beach,2015-01-01,116000.0,2015-01-01,115618.20222082816,116474.45979151306,117300.52220369245,33415,11.661345470088502,11.665427298696248
226,33415,Greenacres,FL,Miami-Fort Lauderdale,Palm Beach,2015-02-01,117700.0,2015-02-01,117784.0891720791,118652.42019327401,119520.3599251032,33415,11.675894293248367,11.683953659407871
227,33415,Greenacres,FL,Miami-Fort Lauderdale,Palm Beach,2015-03-01,120000.0,2015-03-01,119730.99868884157,120494.69754681288,121391.33500960382,33415,11.695247021764184,11.699361027183764
228,33415,Greenacres,FL,Miami-Fort Lauderdale,Palm Beach,2015-04-01,122500.0,2015-04-01,121865.71689190963,122740.04193261222,123581.01298564023,33415,11.715866308966918,11.717823917580738
229,33415,Greenacres,FL,Miami-Fort Lauderdale,Palm Beach,2015-05-01,125100.0,2015-05-01,123727.5814471347,124615.56621483999,125528.65111437075,33415,11.736868696455003,11.73298880702555
230,33415,Greenacres,FL,Miami-Fort Lauderdale,Palm Beach,2015-06-01,127300.0,2015-06-01,125886.74822150855,126769.44071523627,127642.7390410015,33415,11.754301784545499,11.750125288116116
231,33415,Greenacres,FL,Miami-Fort Lauderdale,Palm Beach,2015-07-01,129700.0,2015-07-01,127955.5391303627,128858.4714181174,129717.29777321799,33415,11.772979370304535,11.766469960276453
232,33415,Greenacres,FL,Miami-Fort Lauderdale,Palm Beach,2015-08-01,132200.0,2015-08-01,130497.50908818857,131379.01235797035,132290.4895242477,33415,11.792071206399722,11.785841648972404
233,33415,Greenacres,FL,Miami-Fort Lauderdale,Palm Beach,2015-09-01,134300.0,2015-09-01,132797.69175893275,133662.60877978784,134541.3202190608,33415,11.80783138251133,11.803074058903825
234,33415,Greenacres,FL,Miami-Fort Lauderdale,Palm Beach,2015-10-01,136000.0,2015-10-01,134864.9495163268,135724.59571104727,136554.40237539506,33415,11.820410164718188,11.818383080033149
235,33415,Greenacres,FL,Miami-Fort Lauderdale,Palm Beach,2015-11-01,137600.0,2015-11-01,136845.40232604244,137796.1039803339,138664.46250400753,33415,11.83210620448138,11.833530364160076
236,33415,Greenacres,FL,Miami-Fort Lauderdale,Palm Beach,2015-12-01,139800.0,2015-12-01,139012.51596274658,139867.24126318484,140754.9211218514,33415,11.847968108781847,11.848448975001121
237,33415,Greenacres,FL,Miami-Fort Lauderdale,Palm Beach,2016-01-01,142400.0,2016-01-01,141218.447822066,142114.90415768183,142956.2165104173,33415,11.866395277960013,11.864391193579388
238,33415,Greenacres,FL,Miami-Fort Lauderdale,Palm Beach,2016-02-01,144600.0,2016-02-01,143243.71136023087,144086.96677379342,144970.6134800249,33415,11.881726588706801,11.87817233219135
239,33415,Greenacres,FL,Miami-Fort Lauderdale,Palm Beach,2016-03-01,145800.0,2016-03-01,144991.74554745597,145811.76233839436,146800.24119852798,33415,11.889991098556695,11.890071769777268
240,33415,Greenacres,FL,Miami-Fort Lauderdale,Palm Beach,2016-04-01,147400.0,2016-04-01,146742.61503143093,147511.9882383522,148401.38121331253,33415,11.900905258737373,11.901664727651498
241,33415,Greenacres,FL,Miami-Fort Lauderdale,Palm Beach,2016-05-01,149700.0,2016-05-01,148432.03456219734,149296.01328644107,150179.84658985402,33415,11.91638857040772,11.91368628046775
242,33415,Greenacres,FL,Miami-Fort Lauderdale,Palm Beach,2016-06-01,151800.0,2016-06-01,150291.1709086108,151164.88725297514,152043.76941210538,33415,11.930319143943667,11.926126488595804
243,33415,Greenacres,FL,Miami-Fort Lauderdale,Palm Beach,2016-07-01,152900.0,2016-07-01,152043.6444219403,152934.81452347097,153867.45507201386,33415,11.937539391917154,11.937767060723765
244,33415,Greenacres,FL,Miami-Fort Lauderdale,Palm Beach,2016-08-01,154100.0,2016-08-01,154054.42362328497,154940.18818459392,155841.0162227918,33415,11.945357021308206,11.950794438749464
245,33415,Greenacres,FL,Miami-Fort Lauderdale,Palm Beach,2016-09-01,156100.0,2016-09-01,156201.11016794873,157097.01757006222,157947.49405898724,33415,11.958252106503524,11.964618839786375
246,33415,Greenacres,FL,Miami-Fort Lauderdale,Palm Beach,2016-10-01,158200.0,2016-10-01,158049.27726437995,158936.14395510047,159800.9515302069,33415,11.97161533431569,11.976257790190056
247,33415,Greenacres,FL,Miami-Fort Lauderdale,Palm Beach,2016-11-01,160000.0,2016-11-01,159916.14354204363,160830.8676787316,161698.50851760362,33415,11.982929094215963,11.988108580480622
248,33415,Greenacres,FL,Miami-Fort Lauderdale,Palm Beach,2016-12-01,162100.0,2016-12-01,161845.83754407943,162748.6470684059,163535.26198937988,33415,11.995968707723767,11.99996224709252
249,33415,Greenacres,FL,Miami-Fort Lauderdale,Palm Beach,2017-01-01,164300.0,2017-01-01,163613.08887059204,164448.4098700694,165320.6895046853,33415,12.00944930402536,12.010352182188084
250,33415,Greenacres,FL,Miami-Fort Lauderdale,Palm Beach,2017-02-01,166300.0,2017-02-01,165268.8785112715,166175.747250201,167049.41132011835,33415,12.021548665181019,12.02080122566634
251,33415,Greenacres,FL,Miami-Fort Lauderdale,Palm Beach,2017-03-01,168400.0,2017-03-01,167211.25960758489,168085.41283049888,168907.82299570265,33415,12.034097380790364,12.03222753889432
252,33415,Greenacres,FL,Miami-Fort Lauderdale,Palm Beach,2017-04-01,170200.0,2017-04-01,169038.81387366485,169871.56323767782,170715.61237507372,33415,12.04472949512141,12.042797920124011
253,33415,Greenacres,FL,Miami-Fort Lauderdale,Palm Beach,2017-05-01,171800.0,2017-05-01,170685.57943987704,171596.94790346874,172452.50952111284,33415,12.054086288532291,12.052903679767502
254,33415,Greenacres,FL,Miami-Fort Lauderdale,Palm Beach,2017-06-01,173500.0,2017-06-01,172648.03652448498,173467.26171116164,174350.58319977706,33415,12.063932878369052,12.063744167256804
255,33415,Greenacres,FL,Miami-Fort Lauderdale,Palm Beach,2017-07-01,175500.0,2017-07-01,174426.8672861632,175252.9911573999,176141.6122435015,33415,12.075394321888057,12.073985872696401
256,33415,Greenacres,FL,Miami-Fort Lauderdale,Palm Beach,2017-08-01,177600.0,2017-08-01,176485.78457764638,177338.8124473185,178281.47585914203,33415,12.087289109540206,12.085817376437676
257,33415,Greenacres,FL,Miami-Fort Lauderdale,Palm Beach,2017-09-01,179800.0,2017-09-01,178553.72223930893,179447.17868201373,180306.30113290637,33415,12.099600401019657,12.097636174423817
258,33415,Greenacres,FL,Miami-Fort Lauderdale,Palm Beach,2017-10-01,181400.0,2017-10-01,180384.31947852153,181271.40310155792,182217.16950614945,33415,12.108459816663173,12.10775065182287
259,33415,Greenacres,FL,Miami-Fort Lauderdale,Palm Beach,2017-11-01,182500.0,2017-11-01,182255.57463221552,183132.34673279434,184031.29943785147,33415,12.114505452004684,12.117964376626112
260,33415,Greenacres,FL,Miami-Fort Lauderdale,Palm Beach,2017-12-01,184100.0,2017-12-01,184144.83791100193,185009.52263713093,185865.3798588363,33415,12.123234367221169,12.128162576449958
261,33415,Greenacres,FL,Miami-Fort Lauderdale,Palm Beach,2018-01-01,186400.0,2018-01-01,185945.86303728828,186798.17442222039,187686.1303754247,33415,12.135650181233627,12.137784031828804
262,33415,Greenacres,FL,Miami-Fort Lauderdale,Palm Beach,2018-02-01,188600.0,2018-02-01,187730.66501714982,188609.93617455167,189531.7573103305,33415,12.147383649181494,12.147436331646091
263,33415,Greenacres,FL,Miami-Fort Lauderdale,Palm Beach,2018-03-01,191100.0,2018-03-01,189501.32381674636,190357.85058399604,191256.18745193636,33415,12.160552130228364,12.156661003849573
264,33415,Greenacres,FL,Miami-Fort Lauderdale,Palm Beach,2018-04-01,193000.0,2018-04-01,191373.0299121769,192230.857338039,193154.53448524713,33415,12.170445467887022,12.166452310696586
